use rust68::peripherals::atari_st::blitter::{Blitter, reg};
use rust68::Bus;

struct Mem { m: std::collections::HashMap<u32,u8> }
impl Bus for Mem {
    fn read8(&mut self, a: u32) -> u8 { *self.m.get(&a).unwrap_or(&0) }
    fn write8(&mut self, a: u32, v: u8) { self.m.insert(a,v); }
}
fn wl(bl: &mut Blitter, off: u32, v: u32) { bl.write_long(off, v); }
fn ww(bl: &mut Blitter, off: u32, v: u16) { bl.write_word(off, v); }
fn run_to_completion(bl: &mut Blitter, bus: &mut impl Bus) { bl.execute(bus); while bl.busy() { bl.execute(bus); } }

fn main() {
    let mut mem = Mem { m: std::collections::HashMap::new() };
    let src_base: u32 = 0xd000;
    let src_bytes: &[u8] = &[
        0x74,0x69,0x6f,0x6e,0x7c,0x22,0x46,0x6f,0x72,0x6d,0x61,0x74,0x61,0x67,0x65,0x22,
        0x20,0x64,0x75,0x20,0x6d,0x65,0x6e,0x75,0x20,0x46,0x69,0x63,0x68,0x69,0x65,0x72,
        0x2e,0x5d,0x5b,0x20,0x20,0x4f,0x4b,0x20,0x20,0x5d,0x00,0x5b,0x33,0x5d,0x5b,0x43,
        0x6f,0x70,0x69,0x65,0x72,0x20,0x6c,0x65,0x20,0x64,0x69,0x73,0x71,0x75,0x65,0x20,
        0x25,0x53,0x3a,0x20,0x73,0x75,0x72,0x20,0x6c,0x65,0x7c,0x64,0x69,0x73,0x71,0x75,
        0x65,0x20,0x25,0x53,0x3a,0x20,0x65,0x66,0x66,0x61,0x63,0x65,0x72,0x61,0x20,0x74,
        0x6f,0x75,0x74,0x65,0x73,0x20,0x6c,0x65,0x73,0x7c,0x64,0x6f,0x6e,0x6e,0x82,0x65,
        0x73,0x20,0x63,0x6f,0x6e,0x74,0x65,0x6e,0x75,0x65,0x73,0x20,0x73,0x75,0x72,0x20,
        0x6c,0x65,0x7c,0x64,0x69,0x73,0x71,0x75,0x65,0x20,0x25,0x53,0x3a,0x2e,0x20,0x43,
        0x6c,0x69,0x71,0x75,0x65,0x72,0x20,0x73,0x75,0x72,0x20,0x4f,0x4b,0x7c,0x70,0x6f,
        0x75,0x72,0x20,0x63,0x6f,0x6e,0x66,0x69,0x72,0x6d,0x65,0x72,0x20,0x6c,0x61,0x20,
        0x63,0x6f,0x70,0x69,0x65,0x2e,0x5d,0x5b,0x4f,0x4b,0x7c,0x41,0x4e,0x4e,0x55,0x4c,
        0x45,0x52,0x5d,0x00,0x5b,0x31,0x5d,0x5b,0x56,0x6f,0x75,0x73,0x20,0x6e,0x65,0x20,
        0x70,0x6f,0x75,0x76,0x65,0x7a,0x20,0x70,0x61,0x73,0x20,0x64,0x82,0x70,0x6c,0x61,
        0x63,0x65,0x72,0x7c,0x6c,0x65,0x73,0x20,0x64,0x6f,0x73,0x73,0x69,0x65,0x72,0x73,
        0x20,0x65,0x74,0x20,0x6c,0x65,0x73,0x20,0x66,0x69,0x63,0x68,0x69,0x65,0x72,0x73,
        0x7c,0x73,0x75,0x72,0x20,0x6c,0x65,0x20,0x62,0x75,0x72,0x65,0x61,0x75,0x2e,0x5d,
        0x5b,0x20,0x20,0x4f,0x4b,0x20,0x20,0x5d,0x00,0x5b,0x31,0x5d,0x5b,0x56,0x6f,0x75,
        0x73,0x20,0x6e,0x65,0x20,0x70,0x6f,0x75,0x76,0x65,0x7a,0x20,0x70,0x61,0x73,0x20,
        0x70,0x6c,0x61,0x63,0x65,0x72,0x7c,0x6c,0x27,0x69,0x63,0x93,0x6e,0x65,0x20,0x64,
        0x65,0x20,0x6c,0x61,0x20,0x70,0x6f,0x75,0x62,0x65,0x6c,0x6c,0x65,0x20,0x64,0x61,
        0x6e,0x73,0x7c,0x75,0x6e,0x65,0x20,0x66,0x65,0x6e,0x88,0x74,0x72,0x65,0x2e,0x5d,
        0x5b,0x20,0x20,0x4f,0x4b,0x20,0x20,0x5d,0x00,0x5b,0x32,0x5d,0x5b,0x56,0x6f,0x75,
        0x73,0x20,0x6e,0x65,0x20,0x70,0x6f,0x75,0x76,0x65,0x7a,0x20,0x70,0x61,0x73,0x20,
        0x63,0x72,0x82,0x65,0x72,0x20,0x64,0x65,0x7c,0x64,0x6f,0x73,0x73,0x69,0x65,0x72,
        0x20,0x61,0x76,0x65,0x63,0x20,0x63,0x65,0x20,0x6e,0x6f,0x6d,0x2e,0x7c,0x52,0x65,
        0x63,0x6f,0x6d,0x6d,0x65,0x6e,0x63,0x65,0x7a,0x20,0x65,0x6e,0x20,0x64,0x6f,0x6e,
        0x6e,0x61,0x6e,0x74,0x20,0x75,0x6e,0x7c,0x61,0x75,0x74,0x72,0x65,0x20,0x6e,0x6f,
        0x6d,0x2c,0x20,0x6f,0x75,0x20,0x61,0x6e,0x6e,0x75,0x6c,0x65,0x7a,0x20,0x6c,0x61,
        0x7c,0x64,0x65,0x6d,0x61,0x6e,0x64,0x65,0x20,0x64,0x65,0x20,0x63,0x72,0x82,0x61,
        0x74,0x69,0x6f,0x6e,0x2e,0x5d,0x5b,0x52,0x90,0x45,0x53,0x53,0x41,0x59,0x45,0x52,
        0x7c,0x41,0x4e,0x4e,0x55,0x4c,0x45,0x52,0x5d,0x00,0x5b,0x31,0x5d,0x5b,0x43,0x65,
        0x20,0x64,0x69,0x73,0x71,0x75,0x65,0x20,0x6e,0x27,0x61,0x20,0x70,0x61,0x73,0x20,
        0x61,0x73,0x73,0x65,0x7a,0x20,0x64,0x65,0x7c,0x70,0x6c,0x61,0x63,0x65,0x20,0x70,
        0x6f,0x75,0x72,0x20,0x63,0x65,0x74,0x74,0x65,0x20,0x6f,0x70,0x82,0x72,0x61,0x74,
        0x69,0x6f,0x6e,0x2e,0x5d,0x5b,0x20,0x20,0x4f,0x4b,0x20,0x20,0x5d,0x00,0x5b,0x33,
        0x5d,0x5b,0x56,0x6f,0x75,0x73,0x20,0x6e,0x65,0x20,0x70,0x6f,0x75,0x76,0x65,0x7a,
        0x20,0x70,0x61,0x73,0x20,0x63,0x72,0x82,0x65,0x72,0x20,0x6f,0x75,0x7c,0x61,0x63,
        0x63,0x82,0x64,0x65,0x72,0x20,0x85,0x20,0x75,0x6e,0x20,0x64,0x6f,0x73,0x73,0x69,
        0x65,0x72,0x20,0x61,0x75,0x73,0x73,0x69,0x7c,0x6c,0x6f,0x69,0x6e,0x20,0x64,0x61,
        0x6e,0x73,0x20,0x6c,0x27,0x61,0x72,0x62,0x6f,0x72,0x65,0x73,0x63,0x65,0x6e,0x63,
        0x65,0x2e,0x5d,0x5b,0x20,0x20,0x4f,0x4b,0x20,0x20,0x5d,0x00,0x5b,0x31,0x5d,0x5b,
        0x56,0x6f,0x75,0x73,0x20,0x6e,0x65,0x20,0x70,0x6f,0x75,0x76,0x65,0x7a,0x20,0x70,
        0x61,0x73,0x20,0x63,0x6f,0x70,0x69,0x65,0x72,0x7c,0x75,0x6e,0x20,0x64,0x6f,0x73,
        0x73,0x69,0x65,0x72,0x20,0x6f,0x75,0x20,0x75,0x6e,0x20,0x66,0x69,0x63,0x68,0x69,
        0x65,0x72,0x20,0x64,0x65,0x7c,0x6f,0x75,0x20,0x73,0x75,0x72,0x20,0x75,0x6e,0x65,
        0x20,0x63,0x61,0x72,0x74,0x6f,0x75,0x63,0x68,0x65,0x2e,0x5d,0x5b,0x20,0x20,0x4f,
        0x4b,0x20,0x20,0x5d,0x00,0x5b,0x31,0x5d,0x5b,0x4f,0x70,0x82,0x72,0x61,0x74,0x69,
        0x6f,0x6e,0x20,0x64,0x65,0x20,0x63,0x6f,0x70,0x69,0x65,0x20,0x69,0x6e,0x76,0x61,
        0x6c,0x69,0x64,0x65,0x2e,0x5d,0x5b,0x20,0x20,0x4f,0x4b,0x20,0x20,0x5d,0x00,0x5b,
        0x31,0x5d,0x5b,0x4c,0x61,0x20,0x70,0x6f,0x75,0x62,0x65,0x6c,0x6c,0x65,0x20,0x73,
        0x65,0x72,0x74,0x20,0x85,0x20,0x65,0x66,0x66,0x61,0x63,0x65,0x72,0x7c,0x75,0x6e,
        0x20,0x64,0x6f,0x73,0x73,0x69,0x65,0x72,0x20,0x6f,0x75,0x20,0x75,0x6e,0x20,0x66,
        0x69,0x63,0x68,0x69,0x65,0x72,0x7c,0x64,0x65,0x20,0x66,0x61,0x87,0x6f,0x6e,0x20,
        0x70,0x65,0x72,0x6d,0x61,0x6e,0x65,0x6e,0x74,0x65,0x2e,0x5d,0x5b,0x20,0x20,0x4f,
        0x4b,0x20,0x20,0x5d,0x00,0x5b,0x33,0x5d,0x5b,0x4c,0x65,0x20,0x73,0x79,0x73,0x74,
        0x8a,0x6d,0x65,0x20,0x6e,0x27,0x61,0x20,0x70,0x6c,0x75,0x73,0x20,0x61,0x73,0x73,
        0x65,0x7a,0x20,0x64,0x65,0x7c,0x6d,0x82,0x6d,0x6f,0x69,0x72,0x65,0x20,0x21,0x5d,
        0x5b,0x20,0x20,0x4f,0x4b,0x20,0x20,0x5d,0x00,0x5b,0x33,0x5d,0x5b,0x55,0x6e,0x65,
        0x20,0x65,0x72,0x72,0x65,0x75,0x72,0x20,0x61,0x20,0x82,0x74,0x82,0x20,0x64,0x82,
        0x74,0x65,0x63,0x74,0x82,0x65,0x7c,0x64,0x75,0x72,0x61,0x6e,0x74,0x20,0x75,0x6e,
        0x20,0x66,0x6f,0x72,0x6d,0x61,0x74,0x61,0x67,0x65,0x20,0x6f,0x75,0x20,0x75,0x6e,
        0x65,0x7c,0x63,0x6f,0x70,0x69,0x65,0x2e,0x20,0x4c,0x65,0x20,0x64,0x69,0x73,0x71,
        0x75,0x65,0x20,0x63,0x6f,0x6e,0x63,0x65,0x72,0x6e,0x82,0x20,0x65,0x73,0x74,0x7c,
        0x70,0x65,0x75,0x74,0x2d,0x88,0x74,0x72,0x65,0x20,0x70,0x72,0x6f,0x74,0x82,0x67,
        0x82,0x20,0x65,0x6e,0x20,0x82,0x63,0x72,0x69,0x74,0x75,0x72,0x65,0x7c,0x6f,0x75,
        0x20,0x69,0x6e,0x75,0x74,0x69,0x6c,0x69,0x73,0x61,0x62,0x6c,0x65,0x2e,0x5d,0x5b,
        0x52,0x90,0x45,0x53,0x53,0x41,0x59,0x45,0x52,0x7c,0x41,0x42,0x41,0x4e,0x44,0x4f,
        0x4e,0x4e,0x45,0x52,0x5d,0x00,0x5b,0x31,0x5d,0x5b,0x43,0x65,0x20,0x64,0x69,0x73,
        0x71,0x75,0x65,0x20,0x63,0x6f,0x6e,0x74,0x69,0x65,0x6e,0x74,0x20,0x25,0x4c,0x7c,
        0x6f,0x63,0x74,0x65,0x74,0x73,0x20,0x64,0x69,0x73,0x70,0x6f,0x6e,0x69,0x62,0x6c,
        0x65,0x73,0x20,0x70,0x6f,0x75,0x72,0x7c,0x6c,0x27,0x75,0x74,0x69,0x6c,0x69,0x73,
        0x61,0x74,0x65,0x75,0x72,0x2e,0x5d,0x5b,0x20,0x20,0x4f,0x4b,0x20,0x20,0x5d,0x00,
        0x5b,0x33,0x5d,0x5b,0x4c,0x65,0x20,0x64,0x69,0x73,0x71,0x75,0x65,0x20,0x64,0x65,
        0x20,0x64,0x65,0x73,0x74,0x69,0x6e,0x61,0x74,0x69,0x6f,0x6e,0x20,0x6e,0x27,0x65,
        0x73,0x74,0x7c,0x70,0x61,0x73,0x20,0x64,0x75,0x20,0x6d,0x88,0x6d,0x65,0x20,0x74,
        0x79,0x70,0x65,0x20,0x71,0x75,0x65,0x20,0x6c,0x65,0x20,0x64,0x69,0x73,0x71,0x75,
        0x65,0x7c,0x64,0x65,0x20,0x64,0x82,0x70,0x61,0x72,0x74,0x2e,0x20,0x49,0x6e,0x73,
        0x82,0x72,0x65,0x72,0x20,0x75,0x6e,0x20,0x61,0x75,0x74,0x72,0x65,0x7c,0x64,0x69,
        0x73,0x71,0x75,0x65,0x2e,0x5d,0x5b,0x52,0x90,0x45,0x53,0x53,0x41,0x59,0x45,0x52,
        0x7c,0x41,0x42,0x41,0x4e,0x44,0x4f,0x4e,0x4e,0x45,0x52,0x5d,0x00,0x5b,0x31,0x5d,
        0x5b,0x53,0x61,0x75,0x76,0x65,0x72,0x20,0x6c,0x65,0x20,0x62,0x75,0x72,0x65,0x61,
        0x75,0x20,0x3f,0x5d,0x5b,0x4f,0x4b,0x7c,0x41,0x4e,0x4e,0x55,0x4c,0x45,0x52,0x5d,
        0x00,0x5b,0x31,0x5d,0x5b,0x49,0x6d,0x70,0x72,0x65,0x73,0x73,0x69,0x6f,0x6e,0x20,
        0x64,0x65,0x20,0x6c,0x27,0x82,0x63,0x72,0x61,0x6e,0x20,0x3f,0x5d,0x5b,0x4f,0x4b,
        0x7c,0x41,0x4e,0x4e,0x55,0x4c,0x45,0x52,0x5d,0x00,0x5b,0x33,0x5d,0x5b,0x53,0x65,
        0x75,0x6c,0x73,0x20,0x6c,0x65,0x73,0x20,0x6c,0x65,0x63,0x74,0x65,0x75,0x72,0x73,
        0x20,0x64,0x65,0x7c,0x64,0x69,0x73,0x71,0x75,0x65,0x74,0x74,0x65,0x73,0x20,0x73,
        0x6f,0x6e,0x74,0x20,0x75,0x74,0x69,0x6c,0x69,0x73,0x61,0x62,0x6c,0x65,0x73,0x7c,
        0x70,0x6f,0x75,0x72,0x20,0x63,0x65,0x74,0x74,0x65,0x20,0x6f,0x70,0x82,0x72,0x61,
        0x74,0x69,0x6f,0x6e,0x2e,0x5d,0x5b,0x20,0x20,0x4f,0x4b,0x20,0x20,0x5d,0x00,0x5b,
        0x31,0x5d,0x5b,0x41,0x62,0x61,0x6e,0x64,0x6f,0x6e,0x6e,0x65,0x72,0x20,0x63,0x65,
        0x74,0x74,0x65,0x20,0x6f,0x70,0x82,0x72,0x61,0x74,0x69,0x6f,0x6e,0x20,0x3f,0x5d,
        0x5b,0x20,0x4f,0x55,0x49,0x20,0x7c,0x4e,0x4f,0x4e,0x5d,0x00,0x5b,0x31,0x5d,0x5b,
        0x44,0x82,0x73,0x6f,0x6c,0x82,0x2c,0x20,0x6c,0x65,0x20,0x62,0x75,0x72,0x65,0x61,
        0x75,0x20,0x6e,0x65,0x20,0x70,0x65,0x75,0x74,0x7c,0x70,0x61,0x73,0x20,0x69,0x6e,
        0x73,0x74,0x61,0x6c,0x6c,0x65,0x72,0x20,0x64,0x27,0x69,0x63,0x93,0x6e,0x65,0x7c,
        0x73,0x75,0x70,0x6c,0x82,0x6d,0x65,0x6e,0x74,0x61,0x69,0x72,0x65,0x2e,0x5d,0x5b,
        0x20,0x20,0x4f,0x4b,0x20,0x20,0x5d,0x00,0x5b,0x31,0x5d,0x5b,0x44,0x82,0x73,0x6f,
        0x6c,0x82,0x2c,0x20,0x6c,0x65,0x20,0x62,0x75,0x72,0x65,0x61,0x75,0x20,0x6e,0x65,
        0x20,0x70,0x65,0x75,0x74,0x20,0x70,0x61,0x73,0x7c,0x69,0x6e,0x73,0x74,0x61,0x6c,
        0x6c,0x65,0x72,0x20,0x64,0x27,0x61,0x70,0x70,0x6c,0x69,0x63,0x61,0x74,0x69,0x6f,
        0x6e,0x7c,0x73,0x75,0x70,0x6c,0x82,0x6d,0x65,0x6e,0x74,0x61,0x69,0x72,0x65,0x2e,
        0x5d,0x5b,0x20,0x20,0x4f,0x4b,0x20,0x20,0x5d,0x00,0x00,0x00,0x00,0x00,0x00,0x1b,
        0xb0,0x00,0x00,0x1b,0xb0,0x00,0x00,0x1b,0xb0,0x00,0x00,0x1b,0xb0,0x00,0x00,0x1b,
        0xb0,0x00,0x00,0x1b,0xb0,0x00,0x00,0x3b,0xb8,0x00,0x00,0x3b,0xb8,0x00,0x00,0x3b,
        0xb8,0x00,0x00,0x3b,0xb8,0x00,0x00,0x7b,0xbc,0x00,0x00,0x7b,0xbc,0x00,0x00,0xfb,
        0xbe,0x00,0x01,0xf3,0x9f,0x00,0x03,0xf3,0x9f,0x80,0x0f,0xe3,0x8f,0xe0,0x7f,0xc3,
        0x87,0xfc,0x7f,0x83,0x83,0xfc,0x7e,0x03,0x80,0xfc,0x78,0x03,0x80,0x3c,0x00,0x00,
        0x00,0x00,0x09,0xf9,0x0f,0x8c,0x1d,0xfb,0x8f,0xcc,0x1c,0x63,0x8c,0xec,0x36,0x66,
        0xcc,0xec,0x36,0x66,0xcd,0xcc,0x7f,0x6f,0xed,0x8c,0x7f,0x6f,0xed,0xcc,0x63,0x6c,
        0x6c,0xec,0x63,0x6c,0x6c,0x6c,0x00,0x00,0x00,0x00,0x00,0x00,0x00,0x00,0x00,0x00,
        0x00,0x00,0x00,0x00,0x0f,0xe0,0x00,0x00,0x1f,0xf0,0x00,0x7f,0x7f,0xfc,0x00,0xff,
        0xff,0xfc,0x03,0xff,0xff,0xff,0x03,0xff,0xff,0xff,0x0f,0xff,0xff,0xff,0x0f,0xff,
        0xff,0xff,0x3f,0xff,0xff,0xff,0x3f,0xff,0xff,0xff,0xff,0xff,0xff,0xff,0xff,0xff,
        0xff,0xff,0xff,0xff,0xff,0xff,0xff,0xff,0xff,0xff,0xff,0xff,0xff,0xff,0xff,0xff,
        0xff,0xff,0xff,0xff,0xff,0xff,0xff,0xff,0xff,0xff,0xff,0xff,0xff,0xff,0xff,0xff,
        0xff,0xff,0xff,0xff,0xff,0xfe,0xff,0xff,0xff,0xfc,0xff,0xff,0xff,0xf8,0xff,0xff,
        0xff,0xf0,0xff,0xff,0xff,0xe0,0xff,0xff,0xff,0xc0,0xff,0xff,0xff,0x80,0xff,0xff,
        0xff,0x00,0xff,0xff,0xfe,0x00,0xff,0xff,0xfe,0x00,0x00,0x00,0x00,0x00,0x00,0x00,
        0x00,0x00,0x00,0x00,0x0f,0xe0,0x00,0x00,0x18,0x30,0x00,0x7f,0x70,0x1c,0x00,0xc1,
        0x80,0x04,0x03,0x80,0xff,0xf7,0x02,0x00,0x00,0x15,0x0f,0xfb,0xfb,0xd3,0x08,0x06,
        0x0c,0x57,0x3f,0xfc,0x07,0x4d,0x20,0x00,0x01,0x59,0xff,0xff,0xfe,0x31,0x80,0x00,
        0x02,0x63,0x80,0x00,0x02,0xc5,0x80,0x00,0x03,0x89,0x80,0x00,0x03,0x13,0x80,0x00,
        0x02,0x25,0x80,0x00,0x02,0x49,0x80,0x00,0x02,0x91,0x81,0xfe,0x03,0x23,0x81,0x02,
        0x02,0x46,0x81,0x02,0x02,0x8c,0x81,0xfe,0x03,0x18,0x80,0x00,0x02,0x30,0x80,0x00,
        0x02,0x60,0x83,0x06,0x02,0xc0,0x87,0xfc,0x03,0x80,0x80,0x00,0x03,0x00,0x80,0x00,
        0x02,0x00,0x80,0x00,0x02,0x00,0xff,0xff,0xfe,0x00,0x00,0x00,0x00,0x00,0x00,0x00,
        0x00,0x00,0x00,0x00,0x00,0x00,0x00,0x00,0x00,0x00,0x00,0x00,0x00,0x00,0x00,0x00,
        0x0f,0xfc,0x00,0x00,0x1f,0xfe,0x1f,0xff,0xff,0xfe,0x3f,0xff,0xff,0xfe,0x3f,0xff,
        0xff,0xfe,0x3f,0xff,0xff,0xfe,0x7f,0xff,0xff,0xfe,0x7f,0xff,0xff,0xfe,0x7f,0xff,
        0xff,0xfe,0x7f,0xff,0xff,0xfe,0x7f,0xff,0xff,0xfe,0x7f,0xff,0xff,0xfe,0x7f,0xff,
        0xff,0xfe,0x7f,0xff,0xff,0xfe,0x7f,0xff,0xff,0xfe,0x7f,0xff,0xff,0xfe,0x7f,0xff,
        0xff,0xfe,0x7f,0xff,0xff,0xfe,0x7f,0xff,0xff,0xfe,0x7f,0xff,0xff,0xfe,0x7f,0xff,
        0xff,0xfe,0x7f,0xff,0xff,0xfe,0x7f,0xff,0xff,0xfe,0x7f,0xff,0xff,0xfe,0x7f,0xff,
        0xff,0xfe,0x3f,0xff,0xff,0xfc,0x00,0x00,0x00,0x00,0x00,0x00,0x00,0x00,0x00,0x00,
        0x00,0x00,0x00,0x00,0x00,0x00,0x00,0x00,0x00,0x00,0x00,0x00,0x00,0x00,0x00,0x00,
        0x0f,0xfc,0x00,0x00,0x18,0x06,0x1f,0xff,0xf0,0x02,0x20,0x00,0x00,0x02,0x3f,0xff,
        0xff,0xf2,0x20,0x00,0x00,0x0a,0x40,0x00,0x00,0x06,0x40,0x00,0x00,0x06,0x40,0x00,
        0x00,0x06,0x40,0x00,0x00,0x06,0x40,0x00,0x00,0x06,0x40,0x00,0x00,0x06,0x40,0x00,
        0x00,0x06,0x40,0x00,0x00,0x06,0x40,0x00,0x00,0x06,0x40,0x00,0x00,0x06,0x40,0x00,
        0x00,0x06,0x40,0x00,0x00,0x06,0x40,0x00,0x00,0x06,0x40,0x00,0x00,0x06,0x40,0x00,
        0x00,0x06,0x40,0x00,0x00,0x06,0x40,0x00,0x00,0x06,0x40,0x00,0x00,0x06,0x60,0x00,
        0x00,0x06,0x3f,0xff,0xff,0xfc,0x00,0x00,0x00,0x00,0x00,0x00,0x00,0x00,0x00,0x00,
        0x00,0x00,0x00,0x03,0xe0,0x00,0x00,0x7e,0x3f,0x00,0x01,0xff,0xff,0xc0,0x03,0xff,
        0xff,0xe0,0x03,0xff,0xff,0xe0,0x01,0xff,0xff,0xc0,0x01,0xff,0xff,0xc0,0x01,0xff,
        0xff,0xc0,0x01,0xff,0xff,0xc0,0x01,0xff,0xff,0xc0,0x01,0xff,0xff,0xc0,0x01,0xff,
        0xff,0xc0,0x01,0xff,0xff,0xc0,0x01,0xff,0xff,0xc0,0x01,0xff,0xff,0xc0,0x01,0xff,
        0xff,0xc0,0x01,0xff,0xff,0xc0,0x01,0xff,0xff,0xc0,0x01,0xff,0xff,0xc0,0x01,0xff,
        0xff,0xc0,0x01,0xff,0xff,0xc0,0x01,0xff,0xff,0xc0,0x01,0xff,0xff,0xc0,0x01,0xff,
        0xff,0xc0,0x01,0xff,0xff,0xc0,0x01,0xff,0xff,0xc0,0x01,0xff,0xff,0xc0,0x00,0xff,
        0xff,0x80,0x00,0x3f,0xfe,0x00,0x00,0x00,0x00,0x00,0x00,0x00,0x00,0x00,0x00,0x00,
        0x00,0x00,0x00,0x03,0xe0,0x00,0x00,0x7e,0x3f,0x00,0x01,0xc6,0x31,0xc0,0x02,0x00,
        0x00,0x20,0x03,0xc0,0x01,0xe0,0x01,0x7f,0xff,0x40,0x01,0x00,0x00,0x40,0x01,0x44,
        0x22,0x40,0x01,0x44,0x22,0x40,0x01,0x44,0x22,0x40,0x01,0x44,0x22,0x40,0x01,0x44,
        0x22,0x40,0x01,0x44,0x8a,0x40,0x01,0x44,0xda,0x40,0x01,0x44,0x72,0x40,0x01,0x44,
        0x22,0x40,0x01,0x44,0x22,0x40,0x01,0x44,0x22,0x40,0x01,0x44,0x22,0x40,0x01,0x44,
        0x22,0x40,0x01,0x44,0x22,0x40,0x01,0x44,0x22,0x40,0x01,0x44,0x22,0x40,0x01,0x44,
        0x22,0x40,0x01,0x44,0x22,0x40,0x01,0x64,0x26,0x40,0x01,0x86,0x60,0xc0,0x00,0xe0,
        0x03,0x80,0x00,0x3f,0xfe,0x00,0x00,0x00,0x00,0x00,0x00,0x00,0x00,0x00,0x00,0x00,
        0x00,0x00,0x00,0x00,0x00,0x00,0x00,0x00,0x00,0x00,0x7f,0xff,0xff,0xfc,0x7f,0xff,
        0xff,0xfc,0x7f,0xff,0xff,0xfe,0x7f,0xff,0xff,0xfe,0x7f,0xff,0xff,0xfe,0x7f,0xff,
        0xff,0xfe,0x7f,0xff,0xff,0xfe,0x7f,0xff,0xff,0xfe,0x7f,0xff,0xff,0xfe,0x7f,0xff,
        0xff,0xfe,0x7f,0xff,0xff,0xfe,0x7f,0xff,0xff,0xfe,0x7f,0xff,0xff,0xfe,0x7f,0xff,
        0xff,0xfe,0x7f,0xff,0xff,0xfe,0x7f,0xff,0xff,0xfe,0x7f,0xff,0xff,0xfe,0x7f,0xff,
        0xff,0xfe,0x7f,0xff,0xff,0xfe,0x7f,0xff,0xff,0xfe,0x7f,0xff,0xff,0xfe,0x7f,0xff,
        0xff,0xfe,0x7f,0xff,0xff,0xfe,0x7f,0xff,0xff,0xfe,0x7f,0xff,0xff,0xfe,0x7f,0xff,
        0xff,0xfe,0x1f,0xff,0xff,0xfe,0x00,0x00,0x00,0x00,0x00,0x00,0x00,0x00,0x00,0x00,
        0x00,0x00,0x00,0x00,0x00,0x00,0x00,0x00,0x00,0x00,0x7f,0xff,0xff,0xfc,0x40,0x00,
        0x00,0x04,0x55,0x55,0x55,0x56,0x40,0x00,0x00,0x06,0x7f,0xff,0xff,0xfe,0x40,0x00,
        0x00,0x06,0x40,0x00,0x00,0x06,0x40,0x00,0x00,0x06,0x40,0x00,0x00,0x06,0x40,0x00,
        0x00,0x06,0x40,0x00,0x00,0x06,0x40,0x00,0x00,0x06,0x40,0x00,0x00,0x06,0x40,0x00,
        0x00,0x06,0x40,0x00,0x00,0x06,0x40,0x00,0x00,0x06,0x40,0x00,0x00,0x06,0x40,0x00,
        0x00,0x06,0x40,0x00,0x00,0x06,0x40,0x00,0x00,0x06,0x40,0x00,0x00,0x06,0x40,0x00,
        0x00,0x06,0x40,0x00,0x00,0x06,0x40,0x00,0x00,0x06,0x40,0x00,0x00,0x06,0x7f,0xff,
        0xff,0xfe,0x1f,0xff,0xff,0xfe,0x00,0x00,0x00,0x00,0x00,0x00,0x00,0x00,0x1f,0xff,
        0xff,0x80,0x1f,0xff,0xff,0x80,0x1f,0xff,0xff,0xe0,0x1f,0xff,0xff,0xe0,0x1f,0xff,
        0xff,0xf8,0x1f,0xff,0xff,0xf8,0x1f,0xff,0xff,0xf8,0x1f,0xff,0xff,0xf8,0x1f,0xff,
        0xff,0xf8,0x1f,0xff,0xff,0xf8,0x1f,0xff,0xff,0xf8,0x1f,0xff,0xff,0xf8,0x1f,0xff,
        0xff,0xf8,0x1f,0xff,0xff,0xf8,0x1f,0xff,0xff,0xf8,0x1f,0xff,0xff,0xf8,0x1f,0xff,
        0xff,0xf8,0x1f,0xff,0xff,0xf8,0x1f,0xff,0xff,0xf8,0x1f,0xff,0xff,0xf8,0x1f,0xff,
        0xff,0xf8,0x1f,0xff,0xff,0xf8,0x1f,0xff,0xff,0xf8,0x1f,0xff,0xff,0xf8,0x1f,0xff,
        0xff,0xf8,0x1f,0xff,0xff,0xf8,0x1f,0xff,0xff,0xf8,0x07,0xff,0xff,0xf8,0x07,0xff,
        0xff,0xf8,0x01,0xff,0xff,0xf8,0x01,0xff,0xff,0xf8,0x00,0x00,0x00,0x00,0x1f,0xff,
        0xff,0x80,0x10,0x00,0x00,0x80,0x10,0x00,0x00,0xe0,0x10,0x00,0x00,0xa0,0x10,0x00,
        0x00,0xb8,0x10,0x00,0x00,0xa8,0x10,0x00,0x00,0xa8,0x10,0x00,0x00,0xa8,0x10,0x00,
        0x00,0xa8,0x10,0x00,0x00,0xa8,0x10,0x00,0x00,0xa8,0x10,0x00,0x00,0xa8,0x10,0x00,
        0x00,0xa8,0x10,0x00,0x00,0xa8,0x10,0x00,0x00,0xa8,0x10,0x00,0x00,0xa8,0x10,0x00,
        0x00,0xa8,0x10,0x00,0x00,0xa8,0x10,0x00,0x00,0xa8,0x10,0x00,0x00,0xa8,0x10,0x00,
        0x3f,0xa8,0x10,0x00,0x21,0xa8,0x10,0x00,0x23,0x28,0x10,0x00,0x26,0x28,0x10,0x00,
        0x2c,0x28,0x10,0x00,0x38,0x28,0x1f,0xff,0xf0,0x28,0x04,0x00,0x00,0x28,0x07,0xff,
        0xff,0xe8,0x01,0x00,0x00,0x08,0x01,0xff,0xff,0xf8,0x00,0x00,0xcc,0xc3,0x00,0x00,
        0xcc,0xe6,0x00,0x00,0xcc,0xee,0x00,0x00,0xcc,0xff,0x00,0x00,0xcd,0x09,0x00,0x00,
        0xcd,0x1d,0x00,0x00,0xcd,0x36,0x00,0x00,0xcd,0x4b,0x00,0x00,0xcd,0x60,0x00,0x00,
        0xcd,0x7a,0x00,0x00,0xcd,0x8e,0x00,0x00,0xcd,0xa3,0x00,0x00,0xcd,0xb7,0x00,0x00,
        0xce,0x07,0x00,0x00,0xce,0x7e,0x00,0x00,0xce,0xbd,0x00,0x00,0xcf,0x41,0x00,0x00,
        0xcf,0x90,0x00,0x00,0xd0,0x2b,0x00,0x00,0xd0,0xc4,0x00,0x00,0xd1,0x19,0x00,0x00,
        0xd1,0x69,0x00,0x00,0xd1,0xfa,0x00,0x00,0xd2,0x3e,0x00,0x00,0xd2,0x9c,0x00,0x00,
        0xd2,0xf5,0x00,0x00,0xd3,0x1f,0x00,0x00,0xd3,0x75,0x00,0x00,0xd3,0xa9,0x00,0x00,
        0xd4,0x46,0x00,0x00,0xd4,0x90,0x00,0x00,0xd5,0x0d,0x00,0x00,0xd5,0x31,0x00,0x00,
        0xd5,0x5a,0x00,0x00,0xd5,0xaf,0x00,0x00,0xd5,0xdc,0x00,0x00,0xd6,0x28,0x00,0x00,
        0xd6,0x7a,0x00,0x04,0x00,0x20,0x00,0x00,0x00,0x00,0x00,0x02,0x00,0x00,0xd6,0xfa,
        0x00,0x00,0xd7,0x7a,0x00,0x00,0xcc,0x4e,0x10,0x00,0x00,0x0d,0x00,0x0d,0x00,0x14,
        0x00,0x00,0x00,0x20,0x00,0x20,0x00,0x00,0x00,0x20,0x00,0x48,0x00,0x08,0x00,0x00,
        0xd7,0xfa,0x00,0x00,0xd8,0x7a,0x00,0x00,0xcc,0x5b,0x10,0x00,0x00,0x00,0x00,0x00,
        0x00,0x14,0x00,0x00,0x00,0x20,0x00,0x20,0x00,0x00,0x00,0x20,0x00,0x48,0x00,0x08,
        0x00,0x00,0xd8,0xfa,0x00,0x00,0xd9,0x7a,0x00,0x00,0xcc,0x68,0x10,0x00,0x00,0x00,
        0x00,0x00,0x00,0x14,0x00,0x00,0x00,0x20,0x00,0x20,0x00,0x00,0x00,0x20,0x00,0x48,
        0x00,0x08,0x00,0x00,0xd9,0xfa,0x00,0x00,0xda,0x7a,0x00,0x00,0xcc,0x75,0x10,0x00,
        0x00,0x00,0x00,0x00,0x00,0x14,0x00,0x00,0x00,0x20,0x00,0x20,0x00,0x00,0x00,0x20,
        0x00,0x48,0x00,0x08,0x00,0x00,0xda,0xfa,0x00,0x00,0xdb,0x7a,0x00,0x00,0xcc,0x82,
        0x10,0x00,0x00,0x00,0x00,0x00,0x00,0x14,0x00,0x00,0x00,0x20,0x00,0x20,0x00,0x00,
        0x00,0x20,0x00,0x48,0x00,0x08,0x00,0x00,0xc5,0x60,0x00,0x00,0xc5,0x62,0x00,0x00,
        0xc5,0x63,0x00,0x03,0x00,0x06,0x00,0x02,0x11,0x80,0x00,0x00,0xff,0xff,0x00,0x02,
        0x00,0x01,0x00,0x00,0xc5,0x64,0x00,0x00,0xc5,0x70,0x00,0x00,0xc5,0x83,0x00,0x03,
        0x00,0x06,0x00,0x00,0x11,0x80,0x00,0x00,0xff,0xff,0x00,0x0c,0x00,0x13,0x00,0x00,
        0xc5,0x85,0x00,0x00,0xc5,0x90,0x00,0x00,0xc5,0xab,0x00,0x03,0x00,0x06,0x00,0x01,
        0x11,0x80,0x00,0x00,0xff,0xff,0x00,0x0b,0x00,0x1b,0x00,0x00,0xc5,0xad,0x00,0x00,
        0xc5,0xb4,0x00,0x00,0xc5,0xc4,0x00,0x03,0x00,0x06,0x00,0x00,0x11,0x80,0x00,0x00,
        0xff,0xff,0x00,0x07,0x00,0x10,0x00,0x00,0xc5,0xc6,0x00,0x00,0xc5,0xcd,0x00,0x00,
        0xc5,0xde,0x00,0x03,0x00,0x06,0x00,0x00,0x11,0x80,0x00,0x00,0xff,0xff,0x00,0x07,
        0x00,0x11,0x00,0x00,0xc5,0xe0,0x00,0x00,0xc5,0xe6,0x00,0x00,0xc6,0x01,0x00,0x03,
        0x00,0x06,0x00,0x01,0x11,0x80,0x00,0x00,0xff,0xff,0x00,0x06,0x00,0x1b,0x00,0x00,
        0xc6,0x03,0x00,0x00,0xc6,0x09,0x00,0x00,0xc6,0x24,0x00,0x03,0x00,0x06,0x00,0x01,
        0x11,0x80,0x00,0x00,0xff,0xff,0x00,0x06,0x00,0x1b,0x00,0x00,0xc6,0x4e,0x00,0x00,
        0xc6,0x50,0x00,0x00,0xc6,0x63,0x00,0x03,0x00,0x06,0x00,0x00,0x11,0x80,0x00,0x00,
        0xff,0xff,0x00,0x02,0x00,0x13,0x00,0x00,0xc6,0x65,0x00,0x00,0xc6,0x71,0x00,0x00,
        0xc6,0x8e,0x00,0x03,0x00,0x06,0x00,0x00,0x11,0x80,0x00,0x00,0xff,0xff,0x00,0x0c,
        0x00,0x1d,0x00,0x00,0xc6,0x90,0x00,0x00,0xc6,0x96,0x00,0x00,0xc6,0xb6,0x00,0x03,
        0x00,0x06,0x00,0x01,0x11,0x80,0x00,0x00,0xff,0xff,0x00,0x06,0x00,0x20,0x00,0x00,
        0xc6,0xb8,0x00,0x00,0xc6,0xbe,0x00,0x00,0xc6,0xde,0x00,0x03,0x00,0x06,0x00,0x01,
        0x11,0x80,0x00,0x00,0xff,0xff,0x00,0x06,0x00,0x20,0x00,0x00,0xc6,0xe0,0x00,0x00,
        0xc6,0xeb,0x00,0x00,0xc7,0x08,0x00,0x03,0x00,0x06,0x00,0x01,0x11,0x80,0x00,0x00,
        0xff,0xff,0x00,0x0b,0x00,0x1d,0x00,0x00,0xc7,0x0a,0x00,0x00,0xc7,0x15,0x00,0x00,
        0xc7,0x35,0x00,0x03,0x00,0x06,0x00,0x01,0x11,0x80,0x00,0x00,0xff,0xff,0x00,0x0b,
        0x00,0x20,0x00,0x00,0xc7,0xed,0x00,0x00,0xc7,0xf9,0x00,0x00,0xc8,0x0c,0x00,0x03,
        0x00,0x06,0x00,0x00,0x11,0x80,0x00,0x00,0xff,0xff,0x00,0x0c,0x00,0x13,0x00,0x00,
        0xc8,0x1b,0x00,0x00,0xc8,0x42,0x00,0x00,0xc8,0x69,0x00,0x03,0x00,0x06,0x00,0x00,
        0x11,0x80,0x00,0x00,0xff,0xff,0x00,0x27,0x00,0x27,0x00,0x00,0xc8,0x89,0x00,0x00,
        0xc8,0x8b,0x00,0x00,0xc8,0x9f,0x00,0x03,0x00,0x06,0x00,0x00,0x11,0x80,0x00,0x00,
        0xff,0xff,0x00,0x02,0x00,0x14,0x00,0x00,0xc8,0xa1,0x00,0x00,0xc8,0xae,0x00,0x00,
        0xc8,0xcb,0x00,0x03,0x00,0x06,0x00,0x00,0x11,0x80,0x00,0x00,0xff,0xff,0x00,0x0d,
        0x00,0x1d,0x00,0x00,0xc9,0x1c,0x00,0x00,0xc9,0x28,0x00,0x00,0xc9,0x4c,0x00,0x03,
        0x00,0x06,0x00,0x00,0x11,0x80,0x00,0x00,0xff,0xff,0x00,0x0c,0x00,0x24,0x00,0x00,
        0xc9,0x4e,0x00,0x00,0xc9,0x52,0x00,0x00,0xc9,0x69,0x00,0x03,0x00,0x06,0x00,0x00,
        0x11,0x80,0x00,0x00,0xff,0xff,0x00,0x04,0x00,0x17,0x00,0x00,0xc9,0xce,0x00,0x00,
        0xc9,0xd4,0x00,0x00,0xc9,0xef,0x00,0x03,0x00,0x06,0x00,0x00,0x11,0x80,0x00,0x00,
        0xff,0xff,0x00,0x06,0x00,0x1b,0x00,0x00,0xc9,0xf1,0x00,0x00,0xc9,0xf7,0x00,0x00,
        0xca,0x12,0x00,0x03,0x00,0x06,0x00,0x00,0x11,0x80,0x00,0x00,0xff,0xff,0x00,0x06,
        0x00,0x1b,0x00,0x00,0xca,0x14,0x00,0x00,0xca,0x20,0x00,0x00,0xca,0x37,0x00,0x03,
        0x00,0x06,0x00,0x00,0x11,0x80,0x00,0x00,0xff,0xff,0x00,0x0c,0x00,0x17,0x00,0x00,
        0xca,0x39,0x00,0x00,0xca,0x45,0x00,0x00,0xca,0x5c,0x00,0x03,0x00,0x06,0x00,0x00,
        0x11,0x80,0x00,0x00,0xff,0xff,0x00,0x0c,0x00,0x17,0x00,0x00,0xca,0x69,0x00,0x00,
        0xca,0x6b,0x00,0x00,0xca,0x6c,0x00,0x03,0x00,0x06,0x00,0x02,0x11,0x80,0x00,0x00,
        0xff,0xff,0x00,0x02,0x00,0x01,0x00,0x00,0xca,0x6d,0x00,0x00,0xca,0x79,0x00,0x00,
        0xca,0x93,0x00,0x03,0x00,0x06,0x00,0x00,0x11,0x80,0x00,0x00,0xff,0xff,0x00,0x0c,
    ];
    for (i, &b) in src_bytes.iter().enumerate() { mem.write8(src_base + i as u32, b); }
    let rom_base: u32 = 0xe2aa00;
    let rom_bytes: &[u8] = &[
        0x02,0xfa,0x03,0x00,0x03,0x06,0x03,0x0c,0x03,0x12,0x03,0x18,0x03,0x1e,0x03,0x24,
        0x03,0x2a,0x03,0x30,0x03,0x36,0x03,0x3c,0x03,0x42,0x03,0x48,0x03,0x4e,0x03,0x54,
        0x03,0x5a,0x03,0x60,0x03,0x66,0x03,0x6c,0x03,0x72,0x03,0x78,0x03,0x7e,0x03,0x84,
        0x03,0x8a,0x03,0x90,0x03,0x96,0x03,0x9c,0x03,0xa2,0x03,0xa8,0x03,0xae,0x03,0xb4,
        0x03,0xba,0x03,0xc0,0x03,0xc6,0x03,0xcc,0x03,0xd2,0x03,0xd8,0x03,0xde,0x03,0xe4,
        0x03,0xea,0x03,0xf0,0x03,0xf6,0x03,0xfc,0x04,0x02,0x04,0x08,0x04,0x0e,0x04,0x14,
        0x04,0x1a,0x04,0x20,0x04,0x26,0x04,0x2c,0x04,0x32,0x04,0x38,0x04,0x3e,0x04,0x44,
        0x04,0x4a,0x04,0x50,0x04,0x56,0x04,0x5c,0x04,0x62,0x04,0x68,0x04,0x6e,0x04,0x74,
        0x04,0x7a,0x04,0x80,0x04,0x86,0x04,0x8c,0x04,0x92,0x04,0x98,0x04,0x9e,0x04,0xa4,
        0x04,0xaa,0x04,0xb0,0x04,0xb6,0x04,0xbc,0x04,0xc2,0x04,0xc8,0x04,0xce,0x04,0xd4,
        0x04,0xda,0x04,0xe0,0x04,0xe6,0x04,0xec,0x04,0xf2,0x04,0xf8,0x04,0xfe,0x05,0x04,
        0x05,0x0a,0x05,0x10,0x05,0x16,0x05,0x1c,0x05,0x22,0x05,0x28,0x05,0x2e,0x05,0x34,
        0x05,0x3a,0x05,0x40,0x05,0x46,0x05,0x4c,0x05,0x52,0x05,0x58,0x05,0x5e,0x05,0x64,
        0x05,0x6a,0x05,0x70,0x05,0x76,0x05,0x7c,0x05,0x82,0x05,0x88,0x05,0x8e,0x05,0x94,
        0x05,0x9a,0x05,0xa0,0x05,0xa6,0x05,0xac,0x05,0xb2,0x05,0xb8,0x05,0xbe,0x05,0xc4,
        0x05,0xca,0x05,0xd0,0x05,0xd6,0x05,0xdc,0x05,0xe2,0x05,0xe8,0x05,0xee,0x05,0xf4,
        0x05,0xfa,0x06,0x00,0x00,0x82,0x04,0x21,0xcf,0xb6,0x0d,0xe3,0x04,0xe3,0x81,0x50,
        0xf9,0x87,0xbc,0xc3,0xcc,0x3e,0x73,0xe0,0x38,0x1f,0x84,0x42,0x00,0xcd,0x94,0x7b,
        0x26,0x0c,0x31,0x84,0x88,0x00,0x00,0x06,0x70,0x4f,0x3c,0x33,0xc7,0x3e,0x71,0xc3,
        0x0c,0x18,0x06,0x1c,0x71,0xcf,0x1e,0xf3,0xef,0x9e,0x89,0xc0,0x92,0x42,0x28,0x9c,
        0xf1,0xcf,0x1e,0xfa,0x28,0xa2,0x8a,0x2f,0x9e,0xc1,0xe2,0x00,0x60,0x08,0x00,0x08,
        0x01,0x80,0x80,0x01,0x20,0x60,0x00,0x00,0x00,0x00,0x00,0x20,0x00,0x00,0x00,0x00,
        0x0e,0x31,0xc4,0x00,0x79,0x41,0x08,0x51,0x02,0x00,0x21,0x44,0x14,0x21,0x05,0x08,
        0x20,0x07,0x88,0x51,0x02,0x10,0x51,0x45,0x04,0x1a,0x2f,0x06,0x10,0x41,0x04,0xf1,
        0xe7,0x1c,0x60,0x00,0x30,0xc0,0xc3,0x6c,0x69,0xa3,0x42,0x01,0xe4,0x1a,0x69,0x41,
        0x08,0x69,0xe7,0xbd,0x4b,0xa9,0xbc,0x7b,0xff,0x1c,0x7b,0xfc,0x1e,0xf3,0x0d,0x8e,
        0xf9,0xbf,0xb6,0xf9,0xcd,0x5e,0x3b,0xe0,0x3e,0xd8,0xc0,0x00,0x01,0xcf,0xc0,0xf8,
        0xe0,0x00,0x71,0xc7,0x0c,0x18,0x83,0x8c,0x78,0x86,0x06,0x0c,0xc2,0x1a,0x30,0xc0,
        0x00,0x71,0xc7,0x3e,0x01,0xc2,0x06,0x62,0xaf,0x2a,0x1a,0x17,0x86,0x82,0x01,0x50,
        0xc8,0x80,0x84,0xc2,0x0c,0x02,0x53,0x67,0x20,0x3f,0x42,0xf4,0x00,0xcd,0xbe,0xa3,
        0x4d,0x0c,0x60,0xc3,0x08,0x00,0x00,0x0c,0x98,0xc0,0x82,0x52,0x08,0x02,0x8a,0x23,
        0x0c,0x31,0xe3,0x26,0x8a,0x28,0xa0,0x8a,0x08,0x20,0x88,0x80,0x94,0x43,0x6c,0xa2,
        0x8a,0x28,0xa0,0x22,0x28,0xa2,0x52,0x21,0x18,0x60,0x67,0x00,0x61,0xcf,0x1c,0x79,
        0xc2,0x1e,0xb1,0x81,0x24,0x21,0x4f,0x1c,0xf1,0xe7,0x0e,0x72,0x28,0xa2,0x4a,0x27,
        0x8c,0x30,0xce,0x88,0x80,0x02,0x14,0x00,0x80,0x1e,0x50,0x02,0x00,0x50,0x80,0x00,
        0xfb,0xca,0x14,0x00,0x85,0x08,0x00,0x00,0x0e,0x23,0x6d,0x88,0x20,0x82,0x08,0x00,
        0x00,0xa2,0x00,0x00,0x30,0xc0,0x06,0xf6,0xb2,0xc4,0x8c,0x72,0xc2,0x2c,0xb0,0x02,
        0x1c,0xeb,0x38,0xd7,0x01,0x2d,0x8c,0x08,0x61,0x8c,0x31,0xbd,0x86,0x1b,0xe7,0xc6,
        0xd9,0xb9,0xb6,0x18,0x6d,0x56,0x18,0x6f,0xe6,0xd8,0xa2,0x16,0x6b,0x66,0xfe,0x61,
        0xc6,0xbe,0x73,0x6d,0x9a,0x21,0xc4,0x12,0x03,0xe1,0x98,0x10,0xc0,0x2c,0x49,0xe0,
        0x07,0x68,0x63,0x00,0x03,0x62,0x3b,0xdf,0x6e,0x1c,0xb2,0x97,0x84,0xde,0xe1,0x50,
        0xc8,0x8f,0xbe,0xc3,0xef,0x8e,0x73,0x20,0xb7,0x60,0x62,0x94,0x00,0xc9,0x14,0x70,
        0x86,0x18,0x60,0xc7,0xbe,0x01,0xe0,0x18,0xa8,0x47,0x1c,0x93,0xcf,0x04,0x71,0xe0,
        0x00,0x60,0x01,0x8c,0xbb,0xef,0x20,0x8b,0xcf,0x26,0xf8,0x80,0x98,0x42,0xaa,0xa2,
        0xf2,0x2f,0x1c,0x22,0x28,0xaa,0x21,0x42,0x18,0x30,0x6d,0x80,0x30,0x28,0xa0,0x8b,
        0xe7,0xa2,0xc8,0x81,0x38,0x23,0xe8,0xa2,0x8a,0x24,0x98,0x22,0x28,0xaa,0x32,0x21,
        0x18,0x30,0x6b,0x9c,0x82,0x27,0x1c,0x71,0xc7,0x20,0x71,0xc7,0x18,0x21,0x87,0x1c,
        0x80,0xef,0x9c,0x71,0xc8,0xa2,0x89,0xc8,0x98,0x71,0xcf,0x1e,0x71,0x87,0x22,0xf1,
        0x2f,0xa2,0x61,0xe7,0xb6,0xcc,0xcd,0x9b,0x71,0xc5,0x96,0xba,0xe7,0x1c,0x70,0x00,
        0x08,0xea,0xdb,0x55,0x49,0x27,0x0c,0x18,0x6d,0x8c,0x19,0xbd,0x86,0x18,0x66,0x46,
        0xd9,0xbd,0x9c,0xd8,0x6f,0x56,0x18,0x66,0xf6,0x71,0xc7,0x2d,0xd3,0xc6,0x54,0x33,
        0x66,0x8c,0xab,0xed,0x9c,0x72,0xa7,0x92,0x78,0x86,0x06,0x30,0xcf,0x80,0x30,0xc3,
        0x04,0x68,0xc1,0x00,0x00,0x8d,0x86,0x62,0xac,0xaa,0xe2,0xdf,0xdc,0x93,0xa3,0x58,
        0xd9,0xcc,0x06,0xd8,0x69,0x8c,0xdb,0xef,0xa4,0x40,0x21,0x68,0x00,0xc0,0x3e,0x29,
        0x6e,0x80,0x60,0xc3,0x08,0x30,0x03,0x30,0xc8,0x48,0x02,0xf8,0x28,0x88,0x88,0x23,
        0x0c,0x31,0xe3,0x0c,0xb2,0x28,0xa0,0x8a,0x08,0x22,0x88,0x88,0x94,0x42,0x29,0xa2,
        0x82,0x2a,0x02,0x22,0x25,0x36,0x50,0x84,0x18,0x18,0x60,0x00,0x03,0xe8,0xa0,0x8a,
        0x02,0x1e,0x88,0x81,0x24,0x22,0xa8,0xa2,0x8a,0x24,0x06,0x22,0x25,0x2a,0x31,0xe2,
        0x0c,0x30,0xc1,0x32,0x82,0x2f,0x82,0x08,0x20,0xa0,0xfb,0xef,0x88,0x20,0x88,0xa2,
        0xf3,0x8a,0x22,0x8a,0x28,0xa2,0x7a,0x28,0x8e,0x20,0x8d,0x88,0x08,0x88,0xa2,0x89,
        0xa7,0x9c,0x61,0x00,0x8b,0x14,0xc6,0xf6,0x0a,0x26,0x9a,0xa2,0xc8,0xa2,0x88,0x00,
        0x08,0x6a,0xf8,0xc0,0x4b,0xad,0x8c,0x38,0x6d,0x8c,0x19,0xbd,0x80,0x18,0x66,0x46,
        0xd9,0xb1,0x8e,0xd0,0x6c,0x56,0x18,0x66,0xc6,0x31,0xcd,0xad,0xd3,0x66,0x14,0x63,
        0x66,0x8c,0xab,0x65,0x36,0xaa,0xa4,0x12,0x00,0x00,0x00,0x30,0xc0,0x1a,0x00,0x03,
        0x34,0x69,0xe7,0x00,0x00,0x87,0x04,0x21,0xc9,0xb6,0x42,0x10,0x3c,0x18,0xe7,0x5c,
        0xd9,0xcc,0x06,0xf8,0x6d,0x8c,0xd8,0x67,0x3c,0x71,0xee,0xf0,0x00,0x00,0x14,0xf2,
        0x6d,0x00,0x31,0x84,0x88,0x30,0x03,0x20,0x70,0x4f,0xbc,0x13,0xc7,0x08,0x71,0xc3,
        0x04,0x18,0x06,0x00,0x82,0x2f,0x1e,0xf3,0xe8,0x1e,0x89,0xc7,0x12,0x7a,0x28,0x9c,
        0x81,0xc9,0xbc,0x21,0xe2,0x22,0x88,0x8f,0x9e,0x09,0xe0,0x00,0x01,0xef,0x1c,0x79,
        0xc2,0x02,0x89,0xc1,0x22,0x72,0x28,0x9c,0xf1,0xe4,0x1c,0x11,0xe2,0x36,0x48,0x27,
        0x8e,0x31,0xc0,0x3e,0x7a,0x28,0x3e,0xfb,0xef,0x9e,0x82,0x08,0x08,0x20,0x8f,0xbe,
        0x81,0xeb,0xa2,0x8a,0x28,0xa2,0x0a,0x28,0x84,0x79,0xcf,0x08,0xf8,0x88,0xa2,0x89,
        0x60,0x00,0xc9,0x00,0x86,0x3c,0xc3,0x6c,0xfa,0x24,0x8c,0x79,0xef,0xbe,0x88,0x00,
        0x08,0x2b,0x1a,0x40,0x48,0x2c,0xbe,0x68,0x6d,0x8c,0x19,0xbf,0x80,0xf1,0xe6,0xde,
        0x73,0xff,0xbe,0xc0,0x6f,0xf6,0x18,0x67,0xc6,0x32,0x88,0x9a,0x6b,0xc6,0x14,0xc1,
        0xc7,0xcc,0x71,0xcd,0xb6,0x71,0xc3,0x92,0x7b,0xe7,0x9e,0x30,0x82,0x2c,0x00,0x00,
        0x1c,0x00,0x00,0x00,0x00,0x82,0x00,0x00,0x00,0x00,0x01,0xe3,0x18,0x10,0xb6,0x4c,
        0xf9,0xcf,0xbe,0x1b,0xef,0x8c,0xf8,0x60,0x07,0x58,0xac,0x00,0x00,0xc0,0x00,0x20,
        0x06,0x80,0x00,0x00,0x00,0x60,0x00,0x00,0x00,0x00,0x00,0x00,0x00,0x00,0x00,0x00,
        0x08,0x00,0x00,0x0c,0x78,0x00,0x00,0x00,0x00,0x00,0x00,0x00,0x00,0x00,0x00,0x00,
        0x00,0x60,0x00,0x00,0x00,0x00,0x00,0x00,0x00,0x00,0x00,0x3e,0x00,0x00,0x00,0x00,
        0x00,0x3c,0x00,0x0e,0x00,0x00,0x00,0x00,0x80,0x20,0x00,0x00,0x00,0x00,0x03,0xc0,
        0x00,0x30,0x00,0x00,0xc1,0xe7,0x1e,0x79,0xe7,0xb8,0x71,0xc7,0x1c,0x71,0xc8,0xa2,
        0xf8,0x00,0x1c,0x71,0xc7,0x9e,0xf1,0xc7,0x80,0x00,0x8c,0x30,0x79,0xc7,0x1e,0x89,
        0x2f,0xbe,0x70,0x00,0x0f,0x04,0xc0,0x00,0x79,0xcb,0x10,0x00,0x08,0xa2,0x70,0x00,
        0x00,0x29,0xe7,0x80,0x10,0xc0,0x00,0x00,0x00,0x00,0x00,0x00,0x00,0x00,0x00,0x00,
        0x00,0x00,0x00,0xc0,0x00,0x00,0x00,0x00,0x00,0x01,0x80,0x00,0x03,0x06,0x00,0xf8,
        0x0c,0x08,0x70,0x00,0x1c,0xc0,0x80,0x00,0x00,0x00,0x00,0x33,0x00,0x00,0x00,0x00,
    ];
    for (i, &b) in rom_bytes.iter().enumerate() { mem.write8(rom_base + i as u32, b); }
    let dst_base: u32 = 0xf8f00;
    let dst_before: &[u8] = &[
        0x00,0x00,0x00,0x00,0x00,0x00,0x00,0x00,0x00,0x00,0x00,0x00,0x00,0x00,0x00,0x00,
        0x00,0x00,0x00,0x00,0x00,0x00,0x00,0x00,0x00,0x00,0x00,0x00,0x00,0x00,0x00,0x00,
        0x00,0x00,0x00,0x00,0x00,0x00,0x00,0x00,0x00,0x00,0x00,0x00,0x00,0x00,0x00,0x00,
        0x00,0x00,0x00,0x00,0x00,0x00,0x00,0x00,0x00,0x00,0x00,0x00,0x00,0x00,0x00,0x00,
        0x00,0x00,0x00,0x00,0x00,0x00,0x00,0x00,0x00,0x00,0x00,0x00,0x00,0x00,0x00,0x00,
        0x00,0x00,0x00,0x00,0x00,0x00,0x00,0x00,0x00,0x00,0x00,0x00,0x00,0x00,0x00,0x00,
        0x00,0x00,0x00,0x00,0x00,0x00,0x00,0x00,0x00,0x00,0x00,0x00,0x00,0x00,0x00,0x00,
        0x00,0x00,0x00,0x00,0x00,0x00,0x00,0x00,0x00,0x00,0x00,0x00,0x00,0x00,0x00,0x00,
        0x00,0x00,0x00,0x00,0x00,0x00,0x00,0x00,0x00,0x00,0x00,0x00,0x00,0x00,0x00,0x00,
        0x00,0x00,0x00,0x00,0x00,0x00,0x00,0x00,0x00,0x00,0x00,0x00,0x00,0x00,0x00,0x00,
        0x00,0x00,0x00,0x00,0x00,0x00,0x00,0x00,0x00,0x00,0x00,0x00,0x00,0x00,0x00,0x00,
        0x00,0x00,0x00,0x00,0x00,0x00,0x00,0x00,0x00,0x00,0x00,0x00,0x00,0x00,0x00,0x00,
        0x00,0x00,0x00,0x00,0x00,0x00,0x00,0x00,0x00,0x00,0x00,0x00,0x00,0x00,0x00,0x00,
        0x00,0x00,0x00,0x00,0x00,0x00,0x00,0x00,0x00,0x00,0x00,0x00,0x00,0x00,0x00,0x00,
        0x00,0x00,0x00,0x00,0x00,0x00,0x00,0x00,0x00,0x00,0x00,0x00,0x00,0x00,0x00,0x00,
        0x00,0x00,0x00,0x00,0x00,0x00,0x00,0x00,0x00,0x00,0x00,0x00,0x00,0x00,0x00,0x00,
        0x00,0x00,0x00,0x00,0x00,0x00,0x00,0x00,0x00,0x00,0x00,0x00,0x00,0x00,0x00,0x00,
        0x00,0x00,0x00,0x00,0x00,0x00,0x00,0x00,0x00,0x00,0x00,0x00,0x00,0x00,0x00,0x00,
        0x00,0x00,0x00,0x00,0x00,0x00,0x00,0x00,0x00,0x00,0x00,0x00,0x00,0x00,0x00,0x00,
        0x00,0x00,0x00,0x00,0x00,0x00,0x00,0x00,0x00,0x00,0x00,0x00,0x00,0x00,0x00,0x00,
        0x00,0x00,0x00,0x00,0x00,0x00,0x00,0x00,0x00,0x00,0x00,0x00,0x00,0x00,0x00,0x00,
        0x00,0x00,0x00,0x00,0x00,0x00,0x00,0x00,0x00,0x00,0x00,0x00,0x00,0x00,0x00,0x00,
        0x00,0x00,0x00,0x00,0x00,0x00,0x00,0x00,0x00,0x00,0x00,0x00,0x00,0x00,0x00,0x00,
        0x00,0x00,0x00,0x00,0x00,0x00,0x00,0x00,0x00,0x00,0x00,0x00,0x00,0x00,0x00,0x00,
        0x00,0x00,0x00,0x00,0x00,0x00,0x00,0x00,0x00,0x00,0x00,0x00,0x00,0x00,0x00,0x00,
        0x00,0x00,0x00,0x00,0x00,0x00,0x00,0x00,0x00,0x00,0x00,0x00,0x00,0x00,0x00,0x00,
        0x00,0x00,0x00,0x00,0x00,0x00,0x00,0x00,0x00,0x00,0x00,0x00,0x00,0x00,0x00,0x00,
        0x00,0x00,0x00,0x00,0x00,0x00,0x00,0x00,0x00,0x00,0x00,0x00,0x00,0x00,0x00,0x00,
        0x00,0x00,0x00,0x00,0x00,0x00,0x00,0x00,0x00,0x00,0x00,0x00,0x00,0x00,0x00,0x00,
    ];
    for (i, &b) in dst_before.iter().enumerate() { mem.write8(dst_base + i as u32, b); }

    let mut bl = Blitter::new();
    ww(&mut bl, reg::HALFTONE_BASE + 0*2, 0x0000);
    ww(&mut bl, reg::HALFTONE_BASE + 1*2, 0x0000);
    ww(&mut bl, reg::HALFTONE_BASE + 2*2, 0x0000);
    ww(&mut bl, reg::HALFTONE_BASE + 3*2, 0x0000);
    ww(&mut bl, reg::HALFTONE_BASE + 4*2, 0x0000);
    ww(&mut bl, reg::HALFTONE_BASE + 5*2, 0x0000);
    ww(&mut bl, reg::HALFTONE_BASE + 6*2, 0x0000);
    ww(&mut bl, reg::HALFTONE_BASE + 7*2, 0x0000);
    ww(&mut bl, reg::HALFTONE_BASE + 8*2, 0x0000);
    ww(&mut bl, reg::HALFTONE_BASE + 9*2, 0x0000);
    ww(&mut bl, reg::HALFTONE_BASE + 10*2, 0x0000);
    ww(&mut bl, reg::HALFTONE_BASE + 11*2, 0x0000);
    ww(&mut bl, reg::HALFTONE_BASE + 12*2, 0x0000);
    ww(&mut bl, reg::HALFTONE_BASE + 13*2, 0x0000);
    ww(&mut bl, reg::HALFTONE_BASE + 14*2, 0x0000);
    ww(&mut bl, reg::HALFTONE_BASE + 15*2, 0x0000);
    bl.write(reg::HOP, 1);
    bl.write(reg::OP, 0x0);
    bl.write(reg::SKEW, 0x00);
    bl.write(reg::CONTROL, 8);
    ww(&mut bl, reg::SRC_X_INC, (0i16) as u16);
    ww(&mut bl, reg::SRC_Y_INC, (56i16) as u16);
    ww(&mut bl, reg::DST_X_INC, (8i16) as u16);
    ww(&mut bl, reg::DST_Y_INC, (64i16) as u16);
    ww(&mut bl, reg::ENDMASK_1, 0xffff);
    ww(&mut bl, reg::ENDMASK_2, 0xffff);
    ww(&mut bl, reg::ENDMASK_3, 0xff00);
    wl(&mut bl, reg::SRC_ADDR, 0x0fab56);
    wl(&mut bl, reg::DST_ADDR, 0x0f8f70);
    ww(&mut bl, reg::X_COUNT, 6);
    ww(&mut bl, reg::Y_COUNT, 43);
    run_to_completion(&mut bl, &mut mem);
    ww(&mut bl, reg::HALFTONE_BASE + 0*2, 0x0000);
    ww(&mut bl, reg::HALFTONE_BASE + 1*2, 0x0000);
    ww(&mut bl, reg::HALFTONE_BASE + 2*2, 0x0000);
    ww(&mut bl, reg::HALFTONE_BASE + 3*2, 0x0000);
    ww(&mut bl, reg::HALFTONE_BASE + 4*2, 0x0000);
    ww(&mut bl, reg::HALFTONE_BASE + 5*2, 0x0000);
    ww(&mut bl, reg::HALFTONE_BASE + 6*2, 0x0000);
    ww(&mut bl, reg::HALFTONE_BASE + 7*2, 0x0000);
    ww(&mut bl, reg::HALFTONE_BASE + 8*2, 0x0000);
    ww(&mut bl, reg::HALFTONE_BASE + 9*2, 0x0000);
    ww(&mut bl, reg::HALFTONE_BASE + 10*2, 0x0000);
    ww(&mut bl, reg::HALFTONE_BASE + 11*2, 0x0000);
    ww(&mut bl, reg::HALFTONE_BASE + 12*2, 0x0000);
    ww(&mut bl, reg::HALFTONE_BASE + 13*2, 0x0000);
    ww(&mut bl, reg::HALFTONE_BASE + 14*2, 0x0000);
    ww(&mut bl, reg::HALFTONE_BASE + 15*2, 0x0000);
    bl.write(reg::HOP, 1);
    bl.write(reg::OP, 0x0);
    bl.write(reg::SKEW, 0x00);
    bl.write(reg::CONTROL, 9);
    ww(&mut bl, reg::SRC_X_INC, (0i16) as u16);
    ww(&mut bl, reg::SRC_Y_INC, (56i16) as u16);
    ww(&mut bl, reg::DST_X_INC, (8i16) as u16);
    ww(&mut bl, reg::DST_Y_INC, (64i16) as u16);
    ww(&mut bl, reg::ENDMASK_1, 0xffff);
    ww(&mut bl, reg::ENDMASK_2, 0xffff);
    ww(&mut bl, reg::ENDMASK_3, 0xff00);
    wl(&mut bl, reg::SRC_ADDR, 0x0fab56);
    wl(&mut bl, reg::DST_ADDR, 0x0f9028);
    ww(&mut bl, reg::X_COUNT, 3);
    ww(&mut bl, reg::Y_COUNT, 42);
    run_to_completion(&mut bl, &mut mem);
    ww(&mut bl, reg::HALFTONE_BASE + 0*2, 0x0000);
    ww(&mut bl, reg::HALFTONE_BASE + 1*2, 0x0000);
    ww(&mut bl, reg::HALFTONE_BASE + 2*2, 0x0000);
    ww(&mut bl, reg::HALFTONE_BASE + 3*2, 0x0000);
    ww(&mut bl, reg::HALFTONE_BASE + 4*2, 0x0000);
    ww(&mut bl, reg::HALFTONE_BASE + 5*2, 0x0000);
    ww(&mut bl, reg::HALFTONE_BASE + 6*2, 0x0000);
    ww(&mut bl, reg::HALFTONE_BASE + 7*2, 0x0000);
    ww(&mut bl, reg::HALFTONE_BASE + 8*2, 0x0000);
    ww(&mut bl, reg::HALFTONE_BASE + 9*2, 0x0000);
    ww(&mut bl, reg::HALFTONE_BASE + 10*2, 0x0000);
    ww(&mut bl, reg::HALFTONE_BASE + 11*2, 0x0000);
    ww(&mut bl, reg::HALFTONE_BASE + 12*2, 0x0000);
    ww(&mut bl, reg::HALFTONE_BASE + 13*2, 0x0000);
    ww(&mut bl, reg::HALFTONE_BASE + 14*2, 0x0000);
    ww(&mut bl, reg::HALFTONE_BASE + 15*2, 0x0000);
    bl.write(reg::HOP, 1);
    bl.write(reg::OP, 0x0);
    bl.write(reg::SKEW, 0x00);
    bl.write(reg::CONTROL, 8);
    ww(&mut bl, reg::SRC_X_INC, (0i16) as u16);
    ww(&mut bl, reg::SRC_Y_INC, (56i16) as u16);
    ww(&mut bl, reg::DST_X_INC, (8i16) as u16);
    ww(&mut bl, reg::DST_Y_INC, (64i16) as u16);
    ww(&mut bl, reg::ENDMASK_1, 0xffff);
    ww(&mut bl, reg::ENDMASK_2, 0xffff);
    ww(&mut bl, reg::ENDMASK_3, 0xff00);
    wl(&mut bl, reg::SRC_ADDR, 0x0fab56);
    wl(&mut bl, reg::DST_ADDR, 0x0f8f72);
    ww(&mut bl, reg::X_COUNT, 6);
    ww(&mut bl, reg::Y_COUNT, 43);
    run_to_completion(&mut bl, &mut mem);
    ww(&mut bl, reg::HALFTONE_BASE + 0*2, 0x0000);
    ww(&mut bl, reg::HALFTONE_BASE + 1*2, 0x0000);
    ww(&mut bl, reg::HALFTONE_BASE + 2*2, 0x0000);
    ww(&mut bl, reg::HALFTONE_BASE + 3*2, 0x0000);
    ww(&mut bl, reg::HALFTONE_BASE + 4*2, 0x0000);
    ww(&mut bl, reg::HALFTONE_BASE + 5*2, 0x0000);
    ww(&mut bl, reg::HALFTONE_BASE + 6*2, 0x0000);
    ww(&mut bl, reg::HALFTONE_BASE + 7*2, 0x0000);
    ww(&mut bl, reg::HALFTONE_BASE + 8*2, 0x0000);
    ww(&mut bl, reg::HALFTONE_BASE + 9*2, 0x0000);
    ww(&mut bl, reg::HALFTONE_BASE + 10*2, 0x0000);
    ww(&mut bl, reg::HALFTONE_BASE + 11*2, 0x0000);
    ww(&mut bl, reg::HALFTONE_BASE + 12*2, 0x0000);
    ww(&mut bl, reg::HALFTONE_BASE + 13*2, 0x0000);
    ww(&mut bl, reg::HALFTONE_BASE + 14*2, 0x0000);
    ww(&mut bl, reg::HALFTONE_BASE + 15*2, 0x0000);
    bl.write(reg::HOP, 1);
    bl.write(reg::OP, 0x0);
    bl.write(reg::SKEW, 0x00);
    bl.write(reg::CONTROL, 9);
    ww(&mut bl, reg::SRC_X_INC, (0i16) as u16);
    ww(&mut bl, reg::SRC_Y_INC, (56i16) as u16);
    ww(&mut bl, reg::DST_X_INC, (8i16) as u16);
    ww(&mut bl, reg::DST_Y_INC, (64i16) as u16);
    ww(&mut bl, reg::ENDMASK_1, 0xffff);
    ww(&mut bl, reg::ENDMASK_2, 0xffff);
    ww(&mut bl, reg::ENDMASK_3, 0xff00);
    wl(&mut bl, reg::SRC_ADDR, 0x0fab56);
    wl(&mut bl, reg::DST_ADDR, 0x0f902a);
    ww(&mut bl, reg::X_COUNT, 3);
    ww(&mut bl, reg::Y_COUNT, 42);
    run_to_completion(&mut bl, &mut mem);
    ww(&mut bl, reg::HALFTONE_BASE + 0*2, 0x0000);
    ww(&mut bl, reg::HALFTONE_BASE + 1*2, 0x0000);
    ww(&mut bl, reg::HALFTONE_BASE + 2*2, 0x0000);
    ww(&mut bl, reg::HALFTONE_BASE + 3*2, 0x0000);
    ww(&mut bl, reg::HALFTONE_BASE + 4*2, 0x0000);
    ww(&mut bl, reg::HALFTONE_BASE + 5*2, 0x0000);
    ww(&mut bl, reg::HALFTONE_BASE + 6*2, 0x0000);
    ww(&mut bl, reg::HALFTONE_BASE + 7*2, 0x0000);
    ww(&mut bl, reg::HALFTONE_BASE + 8*2, 0x0000);
    ww(&mut bl, reg::HALFTONE_BASE + 9*2, 0x0000);
    ww(&mut bl, reg::HALFTONE_BASE + 10*2, 0x0000);
    ww(&mut bl, reg::HALFTONE_BASE + 11*2, 0x0000);
    ww(&mut bl, reg::HALFTONE_BASE + 12*2, 0x0000);
    ww(&mut bl, reg::HALFTONE_BASE + 13*2, 0x0000);
    ww(&mut bl, reg::HALFTONE_BASE + 14*2, 0x0000);
    ww(&mut bl, reg::HALFTONE_BASE + 15*2, 0x0000);
    bl.write(reg::HOP, 1);
    bl.write(reg::OP, 0x0);
    bl.write(reg::SKEW, 0x00);
    bl.write(reg::CONTROL, 8);
    ww(&mut bl, reg::SRC_X_INC, (0i16) as u16);
    ww(&mut bl, reg::SRC_Y_INC, (56i16) as u16);
    ww(&mut bl, reg::DST_X_INC, (8i16) as u16);
    ww(&mut bl, reg::DST_Y_INC, (64i16) as u16);
    ww(&mut bl, reg::ENDMASK_1, 0xffff);
    ww(&mut bl, reg::ENDMASK_2, 0xffff);
    ww(&mut bl, reg::ENDMASK_3, 0xff00);
    wl(&mut bl, reg::SRC_ADDR, 0x0fab56);
    wl(&mut bl, reg::DST_ADDR, 0x0f8f74);
    ww(&mut bl, reg::X_COUNT, 6);
    ww(&mut bl, reg::Y_COUNT, 43);
    run_to_completion(&mut bl, &mut mem);
    ww(&mut bl, reg::HALFTONE_BASE + 0*2, 0x0000);
    ww(&mut bl, reg::HALFTONE_BASE + 1*2, 0x0000);
    ww(&mut bl, reg::HALFTONE_BASE + 2*2, 0x0000);
    ww(&mut bl, reg::HALFTONE_BASE + 3*2, 0x0000);
    ww(&mut bl, reg::HALFTONE_BASE + 4*2, 0x0000);
    ww(&mut bl, reg::HALFTONE_BASE + 5*2, 0x0000);
    ww(&mut bl, reg::HALFTONE_BASE + 6*2, 0x0000);
    ww(&mut bl, reg::HALFTONE_BASE + 7*2, 0x0000);
    ww(&mut bl, reg::HALFTONE_BASE + 8*2, 0x0000);
    ww(&mut bl, reg::HALFTONE_BASE + 9*2, 0x0000);
    ww(&mut bl, reg::HALFTONE_BASE + 10*2, 0x0000);
    ww(&mut bl, reg::HALFTONE_BASE + 11*2, 0x0000);
    ww(&mut bl, reg::HALFTONE_BASE + 12*2, 0x0000);
    ww(&mut bl, reg::HALFTONE_BASE + 13*2, 0x0000);
    ww(&mut bl, reg::HALFTONE_BASE + 14*2, 0x0000);
    ww(&mut bl, reg::HALFTONE_BASE + 15*2, 0x0000);
    bl.write(reg::HOP, 1);
    bl.write(reg::OP, 0x0);
    bl.write(reg::SKEW, 0x00);
    bl.write(reg::CONTROL, 9);
    ww(&mut bl, reg::SRC_X_INC, (0i16) as u16);
    ww(&mut bl, reg::SRC_Y_INC, (56i16) as u16);
    ww(&mut bl, reg::DST_X_INC, (8i16) as u16);
    ww(&mut bl, reg::DST_Y_INC, (64i16) as u16);
    ww(&mut bl, reg::ENDMASK_1, 0xffff);
    ww(&mut bl, reg::ENDMASK_2, 0xffff);
    ww(&mut bl, reg::ENDMASK_3, 0xff00);
    wl(&mut bl, reg::SRC_ADDR, 0x0fab56);
    wl(&mut bl, reg::DST_ADDR, 0x0f902c);
    ww(&mut bl, reg::X_COUNT, 3);
    ww(&mut bl, reg::Y_COUNT, 42);
    run_to_completion(&mut bl, &mut mem);
    ww(&mut bl, reg::HALFTONE_BASE + 0*2, 0x0000);
    ww(&mut bl, reg::HALFTONE_BASE + 1*2, 0x0000);
    ww(&mut bl, reg::HALFTONE_BASE + 2*2, 0x0000);
    ww(&mut bl, reg::HALFTONE_BASE + 3*2, 0x0000);
    ww(&mut bl, reg::HALFTONE_BASE + 4*2, 0x0000);
    ww(&mut bl, reg::HALFTONE_BASE + 5*2, 0x0000);
    ww(&mut bl, reg::HALFTONE_BASE + 6*2, 0x0000);
    ww(&mut bl, reg::HALFTONE_BASE + 7*2, 0x0000);
    ww(&mut bl, reg::HALFTONE_BASE + 8*2, 0x0000);
    ww(&mut bl, reg::HALFTONE_BASE + 9*2, 0x0000);
    ww(&mut bl, reg::HALFTONE_BASE + 10*2, 0x0000);
    ww(&mut bl, reg::HALFTONE_BASE + 11*2, 0x0000);
    ww(&mut bl, reg::HALFTONE_BASE + 12*2, 0x0000);
    ww(&mut bl, reg::HALFTONE_BASE + 13*2, 0x0000);
    ww(&mut bl, reg::HALFTONE_BASE + 14*2, 0x0000);
    ww(&mut bl, reg::HALFTONE_BASE + 15*2, 0x0000);
    bl.write(reg::HOP, 1);
    bl.write(reg::OP, 0x0);
    bl.write(reg::SKEW, 0x00);
    bl.write(reg::CONTROL, 8);
    ww(&mut bl, reg::SRC_X_INC, (0i16) as u16);
    ww(&mut bl, reg::SRC_Y_INC, (56i16) as u16);
    ww(&mut bl, reg::DST_X_INC, (8i16) as u16);
    ww(&mut bl, reg::DST_Y_INC, (64i16) as u16);
    ww(&mut bl, reg::ENDMASK_1, 0xffff);
    ww(&mut bl, reg::ENDMASK_2, 0xffff);
    ww(&mut bl, reg::ENDMASK_3, 0xff00);
    wl(&mut bl, reg::SRC_ADDR, 0x0fab56);
    wl(&mut bl, reg::DST_ADDR, 0x0f8f76);
    ww(&mut bl, reg::X_COUNT, 6);
    ww(&mut bl, reg::Y_COUNT, 43);
    run_to_completion(&mut bl, &mut mem);
    ww(&mut bl, reg::HALFTONE_BASE + 0*2, 0x0000);
    ww(&mut bl, reg::HALFTONE_BASE + 1*2, 0x0000);
    ww(&mut bl, reg::HALFTONE_BASE + 2*2, 0x0000);
    ww(&mut bl, reg::HALFTONE_BASE + 3*2, 0x0000);
    ww(&mut bl, reg::HALFTONE_BASE + 4*2, 0x0000);
    ww(&mut bl, reg::HALFTONE_BASE + 5*2, 0x0000);
    ww(&mut bl, reg::HALFTONE_BASE + 6*2, 0x0000);
    ww(&mut bl, reg::HALFTONE_BASE + 7*2, 0x0000);
    ww(&mut bl, reg::HALFTONE_BASE + 8*2, 0x0000);
    ww(&mut bl, reg::HALFTONE_BASE + 9*2, 0x0000);
    ww(&mut bl, reg::HALFTONE_BASE + 10*2, 0x0000);
    ww(&mut bl, reg::HALFTONE_BASE + 11*2, 0x0000);
    ww(&mut bl, reg::HALFTONE_BASE + 12*2, 0x0000);
    ww(&mut bl, reg::HALFTONE_BASE + 13*2, 0x0000);
    ww(&mut bl, reg::HALFTONE_BASE + 14*2, 0x0000);
    ww(&mut bl, reg::HALFTONE_BASE + 15*2, 0x0000);
    bl.write(reg::HOP, 1);
    bl.write(reg::OP, 0x0);
    bl.write(reg::SKEW, 0x00);
    bl.write(reg::CONTROL, 9);
    ww(&mut bl, reg::SRC_X_INC, (0i16) as u16);
    ww(&mut bl, reg::SRC_Y_INC, (56i16) as u16);
    ww(&mut bl, reg::DST_X_INC, (8i16) as u16);
    ww(&mut bl, reg::DST_Y_INC, (64i16) as u16);
    ww(&mut bl, reg::ENDMASK_1, 0xffff);
    ww(&mut bl, reg::ENDMASK_2, 0xffff);
    ww(&mut bl, reg::ENDMASK_3, 0xff00);
    wl(&mut bl, reg::SRC_ADDR, 0x0fab56);
    wl(&mut bl, reg::DST_ADDR, 0x0f902e);
    ww(&mut bl, reg::X_COUNT, 3);
    ww(&mut bl, reg::Y_COUNT, 42);
    run_to_completion(&mut bl, &mut mem);
    ww(&mut bl, reg::HALFTONE_BASE + 0*2, 0xffff);
    ww(&mut bl, reg::HALFTONE_BASE + 1*2, 0xffff);
    ww(&mut bl, reg::HALFTONE_BASE + 2*2, 0xffff);
    ww(&mut bl, reg::HALFTONE_BASE + 3*2, 0xffff);
    ww(&mut bl, reg::HALFTONE_BASE + 4*2, 0xffff);
    ww(&mut bl, reg::HALFTONE_BASE + 5*2, 0xffff);
    ww(&mut bl, reg::HALFTONE_BASE + 6*2, 0xffff);
    ww(&mut bl, reg::HALFTONE_BASE + 7*2, 0xffff);
    ww(&mut bl, reg::HALFTONE_BASE + 8*2, 0xffff);
    ww(&mut bl, reg::HALFTONE_BASE + 9*2, 0xffff);
    ww(&mut bl, reg::HALFTONE_BASE + 10*2, 0xffff);
    ww(&mut bl, reg::HALFTONE_BASE + 11*2, 0xffff);
    ww(&mut bl, reg::HALFTONE_BASE + 12*2, 0xffff);
    ww(&mut bl, reg::HALFTONE_BASE + 13*2, 0xffff);
    ww(&mut bl, reg::HALFTONE_BASE + 14*2, 0xffff);
    ww(&mut bl, reg::HALFTONE_BASE + 15*2, 0xffff);
    bl.write(reg::HOP, 1);
    bl.write(reg::OP, 0x6);
    bl.write(reg::SKEW, 0x00);
    bl.write(reg::CONTROL, 9);
    ww(&mut bl, reg::SRC_X_INC, (0i16) as u16);
    ww(&mut bl, reg::SRC_Y_INC, (256i16) as u16);
    ww(&mut bl, reg::DST_X_INC, (8i16) as u16);
    ww(&mut bl, reg::DST_Y_INC, (64i16) as u16);
    ww(&mut bl, reg::ENDMASK_1, 0xffff);
    ww(&mut bl, reg::ENDMASK_2, 0xffff);
    ww(&mut bl, reg::ENDMASK_3, 0xff00);
    wl(&mut bl, reg::SRC_ADDR, 0xe2ba45);
    wl(&mut bl, reg::DST_ADDR, 0x0f8fe8);
    ww(&mut bl, reg::X_COUNT, 11);
    ww(&mut bl, reg::Y_COUNT, 2);
    run_to_completion(&mut bl, &mut mem);
    ww(&mut bl, reg::HALFTONE_BASE + 0*2, 0xffff);
    ww(&mut bl, reg::HALFTONE_BASE + 1*2, 0xffff);
    ww(&mut bl, reg::HALFTONE_BASE + 2*2, 0xffff);
    ww(&mut bl, reg::HALFTONE_BASE + 3*2, 0xffff);
    ww(&mut bl, reg::HALFTONE_BASE + 4*2, 0xffff);
    ww(&mut bl, reg::HALFTONE_BASE + 5*2, 0xffff);
    ww(&mut bl, reg::HALFTONE_BASE + 6*2, 0xffff);
    ww(&mut bl, reg::HALFTONE_BASE + 7*2, 0xffff);
    ww(&mut bl, reg::HALFTONE_BASE + 8*2, 0xffff);
    ww(&mut bl, reg::HALFTONE_BASE + 9*2, 0xffff);
    ww(&mut bl, reg::HALFTONE_BASE + 10*2, 0xffff);
    ww(&mut bl, reg::HALFTONE_BASE + 11*2, 0xffff);
    ww(&mut bl, reg::HALFTONE_BASE + 12*2, 0xffff);
    ww(&mut bl, reg::HALFTONE_BASE + 13*2, 0xffff);
    ww(&mut bl, reg::HALFTONE_BASE + 14*2, 0xffff);
    ww(&mut bl, reg::HALFTONE_BASE + 15*2, 0xffff);
    bl.write(reg::HOP, 1);
    bl.write(reg::OP, 0x6);
    bl.write(reg::SKEW, 0x00);
    bl.write(reg::CONTROL, 10);
    ww(&mut bl, reg::SRC_X_INC, (0i16) as u16);
    ww(&mut bl, reg::SRC_Y_INC, (256i16) as u16);
    ww(&mut bl, reg::DST_X_INC, (8i16) as u16);
    ww(&mut bl, reg::DST_Y_INC, (64i16) as u16);
    ww(&mut bl, reg::ENDMASK_1, 0xffff);
    ww(&mut bl, reg::ENDMASK_2, 0xffff);
    ww(&mut bl, reg::ENDMASK_3, 0xff00);
    wl(&mut bl, reg::SRC_ADDR, 0xe2ba45);
    wl(&mut bl, reg::DST_ADDR, 0x0f90a0);
    ww(&mut bl, reg::X_COUNT, 8);
    ww(&mut bl, reg::Y_COUNT, 1);
    run_to_completion(&mut bl, &mut mem);
    ww(&mut bl, reg::HALFTONE_BASE + 0*2, 0xffff);
    ww(&mut bl, reg::HALFTONE_BASE + 1*2, 0xffff);
    ww(&mut bl, reg::HALFTONE_BASE + 2*2, 0xffff);
    ww(&mut bl, reg::HALFTONE_BASE + 3*2, 0xffff);
    ww(&mut bl, reg::HALFTONE_BASE + 4*2, 0xffff);
    ww(&mut bl, reg::HALFTONE_BASE + 5*2, 0xffff);
    ww(&mut bl, reg::HALFTONE_BASE + 6*2, 0xffff);
    ww(&mut bl, reg::HALFTONE_BASE + 7*2, 0xffff);
    ww(&mut bl, reg::HALFTONE_BASE + 8*2, 0xffff);
    ww(&mut bl, reg::HALFTONE_BASE + 9*2, 0xffff);
    ww(&mut bl, reg::HALFTONE_BASE + 10*2, 0xffff);
    ww(&mut bl, reg::HALFTONE_BASE + 11*2, 0xffff);
    ww(&mut bl, reg::HALFTONE_BASE + 12*2, 0xffff);
    ww(&mut bl, reg::HALFTONE_BASE + 13*2, 0xffff);
    ww(&mut bl, reg::HALFTONE_BASE + 14*2, 0xffff);
    ww(&mut bl, reg::HALFTONE_BASE + 15*2, 0xffff);
    bl.write(reg::HOP, 1);
    bl.write(reg::OP, 0x6);
    bl.write(reg::SKEW, 0x00);
    bl.write(reg::CONTROL, 9);
    ww(&mut bl, reg::SRC_X_INC, (0i16) as u16);
    ww(&mut bl, reg::SRC_Y_INC, (256i16) as u16);
    ww(&mut bl, reg::DST_X_INC, (8i16) as u16);
    ww(&mut bl, reg::DST_Y_INC, (64i16) as u16);
    ww(&mut bl, reg::ENDMASK_1, 0xffff);
    ww(&mut bl, reg::ENDMASK_2, 0xffff);
    ww(&mut bl, reg::ENDMASK_3, 0xff00);
    wl(&mut bl, reg::SRC_ADDR, 0xe2ba45);
    wl(&mut bl, reg::DST_ADDR, 0x0f8fea);
    ww(&mut bl, reg::X_COUNT, 11);
    ww(&mut bl, reg::Y_COUNT, 2);
    run_to_completion(&mut bl, &mut mem);
    ww(&mut bl, reg::HALFTONE_BASE + 0*2, 0xffff);
    ww(&mut bl, reg::HALFTONE_BASE + 1*2, 0xffff);
    ww(&mut bl, reg::HALFTONE_BASE + 2*2, 0xffff);
    ww(&mut bl, reg::HALFTONE_BASE + 3*2, 0xffff);
    ww(&mut bl, reg::HALFTONE_BASE + 4*2, 0xffff);
    ww(&mut bl, reg::HALFTONE_BASE + 5*2, 0xffff);
    ww(&mut bl, reg::HALFTONE_BASE + 6*2, 0xffff);
    ww(&mut bl, reg::HALFTONE_BASE + 7*2, 0xffff);
    ww(&mut bl, reg::HALFTONE_BASE + 8*2, 0xffff);
    ww(&mut bl, reg::HALFTONE_BASE + 9*2, 0xffff);
    ww(&mut bl, reg::HALFTONE_BASE + 10*2, 0xffff);
    ww(&mut bl, reg::HALFTONE_BASE + 11*2, 0xffff);
    ww(&mut bl, reg::HALFTONE_BASE + 12*2, 0xffff);
    ww(&mut bl, reg::HALFTONE_BASE + 13*2, 0xffff);
    ww(&mut bl, reg::HALFTONE_BASE + 14*2, 0xffff);
    ww(&mut bl, reg::HALFTONE_BASE + 15*2, 0xffff);
    bl.write(reg::HOP, 1);
    bl.write(reg::OP, 0x6);
    bl.write(reg::SKEW, 0x00);
    bl.write(reg::CONTROL, 10);
    ww(&mut bl, reg::SRC_X_INC, (0i16) as u16);
    ww(&mut bl, reg::SRC_Y_INC, (256i16) as u16);
    ww(&mut bl, reg::DST_X_INC, (8i16) as u16);
    ww(&mut bl, reg::DST_Y_INC, (64i16) as u16);
    ww(&mut bl, reg::ENDMASK_1, 0xffff);
    ww(&mut bl, reg::ENDMASK_2, 0xffff);
    ww(&mut bl, reg::ENDMASK_3, 0xff00);
    wl(&mut bl, reg::SRC_ADDR, 0xe2ba45);
    wl(&mut bl, reg::DST_ADDR, 0x0f90a2);
    ww(&mut bl, reg::X_COUNT, 8);
    ww(&mut bl, reg::Y_COUNT, 1);
    run_to_completion(&mut bl, &mut mem);
    ww(&mut bl, reg::HALFTONE_BASE + 0*2, 0xffff);
    ww(&mut bl, reg::HALFTONE_BASE + 1*2, 0xffff);
    ww(&mut bl, reg::HALFTONE_BASE + 2*2, 0xffff);
    ww(&mut bl, reg::HALFTONE_BASE + 3*2, 0xffff);
    ww(&mut bl, reg::HALFTONE_BASE + 4*2, 0xffff);
    ww(&mut bl, reg::HALFTONE_BASE + 5*2, 0xffff);
    ww(&mut bl, reg::HALFTONE_BASE + 6*2, 0xffff);
    ww(&mut bl, reg::HALFTONE_BASE + 7*2, 0xffff);
    ww(&mut bl, reg::HALFTONE_BASE + 8*2, 0xffff);
    ww(&mut bl, reg::HALFTONE_BASE + 9*2, 0xffff);
    ww(&mut bl, reg::HALFTONE_BASE + 10*2, 0xffff);
    ww(&mut bl, reg::HALFTONE_BASE + 11*2, 0xffff);
    ww(&mut bl, reg::HALFTONE_BASE + 12*2, 0xffff);
    ww(&mut bl, reg::HALFTONE_BASE + 13*2, 0xffff);
    ww(&mut bl, reg::HALFTONE_BASE + 14*2, 0xffff);
    ww(&mut bl, reg::HALFTONE_BASE + 15*2, 0xffff);
    bl.write(reg::HOP, 1);
    bl.write(reg::OP, 0x6);
    bl.write(reg::SKEW, 0x00);
    bl.write(reg::CONTROL, 9);
    ww(&mut bl, reg::SRC_X_INC, (0i16) as u16);
    ww(&mut bl, reg::SRC_Y_INC, (256i16) as u16);
    ww(&mut bl, reg::DST_X_INC, (8i16) as u16);
    ww(&mut bl, reg::DST_Y_INC, (64i16) as u16);
    ww(&mut bl, reg::ENDMASK_1, 0xffff);
    ww(&mut bl, reg::ENDMASK_2, 0xffff);
    ww(&mut bl, reg::ENDMASK_3, 0xff00);
    wl(&mut bl, reg::SRC_ADDR, 0xe2ba45);
    wl(&mut bl, reg::DST_ADDR, 0x0f8fec);
    ww(&mut bl, reg::X_COUNT, 11);
    ww(&mut bl, reg::Y_COUNT, 2);
    run_to_completion(&mut bl, &mut mem);
    ww(&mut bl, reg::HALFTONE_BASE + 0*2, 0xffff);
    ww(&mut bl, reg::HALFTONE_BASE + 1*2, 0xffff);
    ww(&mut bl, reg::HALFTONE_BASE + 2*2, 0xffff);
    ww(&mut bl, reg::HALFTONE_BASE + 3*2, 0xffff);
    ww(&mut bl, reg::HALFTONE_BASE + 4*2, 0xffff);
    ww(&mut bl, reg::HALFTONE_BASE + 5*2, 0xffff);
    ww(&mut bl, reg::HALFTONE_BASE + 6*2, 0xffff);
    ww(&mut bl, reg::HALFTONE_BASE + 7*2, 0xffff);
    ww(&mut bl, reg::HALFTONE_BASE + 8*2, 0xffff);
    ww(&mut bl, reg::HALFTONE_BASE + 9*2, 0xffff);
    ww(&mut bl, reg::HALFTONE_BASE + 10*2, 0xffff);
    ww(&mut bl, reg::HALFTONE_BASE + 11*2, 0xffff);
    ww(&mut bl, reg::HALFTONE_BASE + 12*2, 0xffff);
    ww(&mut bl, reg::HALFTONE_BASE + 13*2, 0xffff);
    ww(&mut bl, reg::HALFTONE_BASE + 14*2, 0xffff);
    ww(&mut bl, reg::HALFTONE_BASE + 15*2, 0xffff);
    bl.write(reg::HOP, 1);
    bl.write(reg::OP, 0x6);
    bl.write(reg::SKEW, 0x00);
    bl.write(reg::CONTROL, 10);
    ww(&mut bl, reg::SRC_X_INC, (0i16) as u16);
    ww(&mut bl, reg::SRC_Y_INC, (256i16) as u16);
    ww(&mut bl, reg::DST_X_INC, (8i16) as u16);
    ww(&mut bl, reg::DST_Y_INC, (64i16) as u16);
    ww(&mut bl, reg::ENDMASK_1, 0xffff);
    ww(&mut bl, reg::ENDMASK_2, 0xffff);
    ww(&mut bl, reg::ENDMASK_3, 0xff00);
    wl(&mut bl, reg::SRC_ADDR, 0xe2ba45);
    wl(&mut bl, reg::DST_ADDR, 0x0f90a4);
    ww(&mut bl, reg::X_COUNT, 8);
    ww(&mut bl, reg::Y_COUNT, 1);
    run_to_completion(&mut bl, &mut mem);
    ww(&mut bl, reg::HALFTONE_BASE + 0*2, 0xffff);
    ww(&mut bl, reg::HALFTONE_BASE + 1*2, 0xffff);
    ww(&mut bl, reg::HALFTONE_BASE + 2*2, 0xffff);
    ww(&mut bl, reg::HALFTONE_BASE + 3*2, 0xffff);
    ww(&mut bl, reg::HALFTONE_BASE + 4*2, 0xffff);
    ww(&mut bl, reg::HALFTONE_BASE + 5*2, 0xffff);
    ww(&mut bl, reg::HALFTONE_BASE + 6*2, 0xffff);
    ww(&mut bl, reg::HALFTONE_BASE + 7*2, 0xffff);
    ww(&mut bl, reg::HALFTONE_BASE + 8*2, 0xffff);
    ww(&mut bl, reg::HALFTONE_BASE + 9*2, 0xffff);
    ww(&mut bl, reg::HALFTONE_BASE + 10*2, 0xffff);
    ww(&mut bl, reg::HALFTONE_BASE + 11*2, 0xffff);
    ww(&mut bl, reg::HALFTONE_BASE + 12*2, 0xffff);
    ww(&mut bl, reg::HALFTONE_BASE + 13*2, 0xffff);
    ww(&mut bl, reg::HALFTONE_BASE + 14*2, 0xffff);
    ww(&mut bl, reg::HALFTONE_BASE + 15*2, 0xffff);
    bl.write(reg::HOP, 1);
    bl.write(reg::OP, 0x6);
    bl.write(reg::SKEW, 0x00);
    bl.write(reg::CONTROL, 9);
    ww(&mut bl, reg::SRC_X_INC, (0i16) as u16);
    ww(&mut bl, reg::SRC_Y_INC, (256i16) as u16);
    ww(&mut bl, reg::DST_X_INC, (8i16) as u16);
    ww(&mut bl, reg::DST_Y_INC, (64i16) as u16);
    ww(&mut bl, reg::ENDMASK_1, 0xffff);
    ww(&mut bl, reg::ENDMASK_2, 0xffff);
    ww(&mut bl, reg::ENDMASK_3, 0xff00);
    wl(&mut bl, reg::SRC_ADDR, 0xe2ba45);
    wl(&mut bl, reg::DST_ADDR, 0x0f8fee);
    ww(&mut bl, reg::X_COUNT, 11);
    ww(&mut bl, reg::Y_COUNT, 2);
    run_to_completion(&mut bl, &mut mem);
    ww(&mut bl, reg::HALFTONE_BASE + 0*2, 0xffff);
    ww(&mut bl, reg::HALFTONE_BASE + 1*2, 0xffff);
    ww(&mut bl, reg::HALFTONE_BASE + 2*2, 0xffff);
    ww(&mut bl, reg::HALFTONE_BASE + 3*2, 0xffff);
    ww(&mut bl, reg::HALFTONE_BASE + 4*2, 0xffff);
    ww(&mut bl, reg::HALFTONE_BASE + 5*2, 0xffff);
    ww(&mut bl, reg::HALFTONE_BASE + 6*2, 0xffff);
    ww(&mut bl, reg::HALFTONE_BASE + 7*2, 0xffff);
    ww(&mut bl, reg::HALFTONE_BASE + 8*2, 0xffff);
    ww(&mut bl, reg::HALFTONE_BASE + 9*2, 0xffff);
    ww(&mut bl, reg::HALFTONE_BASE + 10*2, 0xffff);
    ww(&mut bl, reg::HALFTONE_BASE + 11*2, 0xffff);
    ww(&mut bl, reg::HALFTONE_BASE + 12*2, 0xffff);
    ww(&mut bl, reg::HALFTONE_BASE + 13*2, 0xffff);
    ww(&mut bl, reg::HALFTONE_BASE + 14*2, 0xffff);
    ww(&mut bl, reg::HALFTONE_BASE + 15*2, 0xffff);
    bl.write(reg::HOP, 1);
    bl.write(reg::OP, 0x6);
    bl.write(reg::SKEW, 0x00);
    bl.write(reg::CONTROL, 10);
    ww(&mut bl, reg::SRC_X_INC, (0i16) as u16);
    ww(&mut bl, reg::SRC_Y_INC, (256i16) as u16);
    ww(&mut bl, reg::DST_X_INC, (8i16) as u16);
    ww(&mut bl, reg::DST_Y_INC, (64i16) as u16);
    ww(&mut bl, reg::ENDMASK_1, 0xffff);
    ww(&mut bl, reg::ENDMASK_2, 0xffff);
    ww(&mut bl, reg::ENDMASK_3, 0xff00);
    wl(&mut bl, reg::SRC_ADDR, 0xe2ba45);
    wl(&mut bl, reg::DST_ADDR, 0x0f90a6);
    ww(&mut bl, reg::X_COUNT, 8);
    ww(&mut bl, reg::Y_COUNT, 1);
    run_to_completion(&mut bl, &mut mem);
    ww(&mut bl, reg::HALFTONE_BASE + 0*2, 0xffff);
    ww(&mut bl, reg::HALFTONE_BASE + 1*2, 0xffff);
    ww(&mut bl, reg::HALFTONE_BASE + 2*2, 0xffff);
    ww(&mut bl, reg::HALFTONE_BASE + 3*2, 0xffff);
    ww(&mut bl, reg::HALFTONE_BASE + 4*2, 0xffff);
    ww(&mut bl, reg::HALFTONE_BASE + 5*2, 0xffff);
    ww(&mut bl, reg::HALFTONE_BASE + 6*2, 0xffff);
    ww(&mut bl, reg::HALFTONE_BASE + 7*2, 0xffff);
    ww(&mut bl, reg::HALFTONE_BASE + 8*2, 0xffff);
    ww(&mut bl, reg::HALFTONE_BASE + 9*2, 0xffff);
    ww(&mut bl, reg::HALFTONE_BASE + 10*2, 0xffff);
    ww(&mut bl, reg::HALFTONE_BASE + 11*2, 0xffff);
    ww(&mut bl, reg::HALFTONE_BASE + 12*2, 0xffff);
    ww(&mut bl, reg::HALFTONE_BASE + 13*2, 0xffff);
    ww(&mut bl, reg::HALFTONE_BASE + 14*2, 0xffff);
    ww(&mut bl, reg::HALFTONE_BASE + 15*2, 0xffff);
    bl.write(reg::HOP, 1);
    bl.write(reg::OP, 0x6);
    bl.write(reg::SKEW, 0x00);
    bl.write(reg::CONTROL, 9);
    ww(&mut bl, reg::SRC_X_INC, (0i16) as u16);
    ww(&mut bl, reg::SRC_Y_INC, (256i16) as u16);
    ww(&mut bl, reg::DST_X_INC, (8i16) as u16);
    ww(&mut bl, reg::DST_Y_INC, (64i16) as u16);
    ww(&mut bl, reg::ENDMASK_1, 0xffff);
    ww(&mut bl, reg::ENDMASK_2, 0xffff);
    ww(&mut bl, reg::ENDMASK_3, 0xff00);
    wl(&mut bl, reg::SRC_ADDR, 0xe2ba45);
    wl(&mut bl, reg::DST_ADDR, 0x0f8fe8);
    ww(&mut bl, reg::X_COUNT, 11);
    ww(&mut bl, reg::Y_COUNT, 2);
    run_to_completion(&mut bl, &mut mem);
    ww(&mut bl, reg::HALFTONE_BASE + 0*2, 0xffff);
    ww(&mut bl, reg::HALFTONE_BASE + 1*2, 0xffff);
    ww(&mut bl, reg::HALFTONE_BASE + 2*2, 0xffff);
    ww(&mut bl, reg::HALFTONE_BASE + 3*2, 0xffff);
    ww(&mut bl, reg::HALFTONE_BASE + 4*2, 0xffff);
    ww(&mut bl, reg::HALFTONE_BASE + 5*2, 0xffff);
    ww(&mut bl, reg::HALFTONE_BASE + 6*2, 0xffff);
    ww(&mut bl, reg::HALFTONE_BASE + 7*2, 0xffff);
    ww(&mut bl, reg::HALFTONE_BASE + 8*2, 0xffff);
    ww(&mut bl, reg::HALFTONE_BASE + 9*2, 0xffff);
    ww(&mut bl, reg::HALFTONE_BASE + 10*2, 0xffff);
    ww(&mut bl, reg::HALFTONE_BASE + 11*2, 0xffff);
    ww(&mut bl, reg::HALFTONE_BASE + 12*2, 0xffff);
    ww(&mut bl, reg::HALFTONE_BASE + 13*2, 0xffff);
    ww(&mut bl, reg::HALFTONE_BASE + 14*2, 0xffff);
    ww(&mut bl, reg::HALFTONE_BASE + 15*2, 0xffff);
    bl.write(reg::HOP, 1);
    bl.write(reg::OP, 0x6);
    bl.write(reg::SKEW, 0x00);
    bl.write(reg::CONTROL, 10);
    ww(&mut bl, reg::SRC_X_INC, (0i16) as u16);
    ww(&mut bl, reg::SRC_Y_INC, (256i16) as u16);
    ww(&mut bl, reg::DST_X_INC, (8i16) as u16);
    ww(&mut bl, reg::DST_Y_INC, (64i16) as u16);
    ww(&mut bl, reg::ENDMASK_1, 0xffff);
    ww(&mut bl, reg::ENDMASK_2, 0xffff);
    ww(&mut bl, reg::ENDMASK_3, 0xff00);
    wl(&mut bl, reg::SRC_ADDR, 0xe2ba45);
    wl(&mut bl, reg::DST_ADDR, 0x0f90a0);
    ww(&mut bl, reg::X_COUNT, 8);
    ww(&mut bl, reg::Y_COUNT, 1);
    run_to_completion(&mut bl, &mut mem);
    ww(&mut bl, reg::HALFTONE_BASE + 0*2, 0xffff);
    ww(&mut bl, reg::HALFTONE_BASE + 1*2, 0xffff);
    ww(&mut bl, reg::HALFTONE_BASE + 2*2, 0xffff);
    ww(&mut bl, reg::HALFTONE_BASE + 3*2, 0xffff);
    ww(&mut bl, reg::HALFTONE_BASE + 4*2, 0xffff);
    ww(&mut bl, reg::HALFTONE_BASE + 5*2, 0xffff);
    ww(&mut bl, reg::HALFTONE_BASE + 6*2, 0xffff);
    ww(&mut bl, reg::HALFTONE_BASE + 7*2, 0xffff);
    ww(&mut bl, reg::HALFTONE_BASE + 8*2, 0xffff);
    ww(&mut bl, reg::HALFTONE_BASE + 9*2, 0xffff);
    ww(&mut bl, reg::HALFTONE_BASE + 10*2, 0xffff);
    ww(&mut bl, reg::HALFTONE_BASE + 11*2, 0xffff);
    ww(&mut bl, reg::HALFTONE_BASE + 12*2, 0xffff);
    ww(&mut bl, reg::HALFTONE_BASE + 13*2, 0xffff);
    ww(&mut bl, reg::HALFTONE_BASE + 14*2, 0xffff);
    ww(&mut bl, reg::HALFTONE_BASE + 15*2, 0xffff);
    bl.write(reg::HOP, 1);
    bl.write(reg::OP, 0x6);
    bl.write(reg::SKEW, 0x00);
    bl.write(reg::CONTROL, 9);
    ww(&mut bl, reg::SRC_X_INC, (0i16) as u16);
    ww(&mut bl, reg::SRC_Y_INC, (256i16) as u16);
    ww(&mut bl, reg::DST_X_INC, (8i16) as u16);
    ww(&mut bl, reg::DST_Y_INC, (64i16) as u16);
    ww(&mut bl, reg::ENDMASK_1, 0xffff);
    ww(&mut bl, reg::ENDMASK_2, 0xffff);
    ww(&mut bl, reg::ENDMASK_3, 0xff00);
    wl(&mut bl, reg::SRC_ADDR, 0xe2ba45);
    wl(&mut bl, reg::DST_ADDR, 0x0f8fea);
    ww(&mut bl, reg::X_COUNT, 11);
    ww(&mut bl, reg::Y_COUNT, 2);
    run_to_completion(&mut bl, &mut mem);
    ww(&mut bl, reg::HALFTONE_BASE + 0*2, 0xffff);
    ww(&mut bl, reg::HALFTONE_BASE + 1*2, 0xffff);
    ww(&mut bl, reg::HALFTONE_BASE + 2*2, 0xffff);
    ww(&mut bl, reg::HALFTONE_BASE + 3*2, 0xffff);
    ww(&mut bl, reg::HALFTONE_BASE + 4*2, 0xffff);
    ww(&mut bl, reg::HALFTONE_BASE + 5*2, 0xffff);
    ww(&mut bl, reg::HALFTONE_BASE + 6*2, 0xffff);
    ww(&mut bl, reg::HALFTONE_BASE + 7*2, 0xffff);
    ww(&mut bl, reg::HALFTONE_BASE + 8*2, 0xffff);
    ww(&mut bl, reg::HALFTONE_BASE + 9*2, 0xffff);
    ww(&mut bl, reg::HALFTONE_BASE + 10*2, 0xffff);
    ww(&mut bl, reg::HALFTONE_BASE + 11*2, 0xffff);
    ww(&mut bl, reg::HALFTONE_BASE + 12*2, 0xffff);
    ww(&mut bl, reg::HALFTONE_BASE + 13*2, 0xffff);
    ww(&mut bl, reg::HALFTONE_BASE + 14*2, 0xffff);
    ww(&mut bl, reg::HALFTONE_BASE + 15*2, 0xffff);
    bl.write(reg::HOP, 1);
    bl.write(reg::OP, 0x6);
    bl.write(reg::SKEW, 0x00);
    bl.write(reg::CONTROL, 10);
    ww(&mut bl, reg::SRC_X_INC, (0i16) as u16);
    ww(&mut bl, reg::SRC_Y_INC, (256i16) as u16);
    ww(&mut bl, reg::DST_X_INC, (8i16) as u16);
    ww(&mut bl, reg::DST_Y_INC, (64i16) as u16);
    ww(&mut bl, reg::ENDMASK_1, 0xffff);
    ww(&mut bl, reg::ENDMASK_2, 0xffff);
    ww(&mut bl, reg::ENDMASK_3, 0xff00);
    wl(&mut bl, reg::SRC_ADDR, 0xe2ba45);
    wl(&mut bl, reg::DST_ADDR, 0x0f90a2);
    ww(&mut bl, reg::X_COUNT, 8);
    ww(&mut bl, reg::Y_COUNT, 1);
    run_to_completion(&mut bl, &mut mem);
    ww(&mut bl, reg::HALFTONE_BASE + 0*2, 0xffff);
    ww(&mut bl, reg::HALFTONE_BASE + 1*2, 0xffff);
    ww(&mut bl, reg::HALFTONE_BASE + 2*2, 0xffff);
    ww(&mut bl, reg::HALFTONE_BASE + 3*2, 0xffff);
    ww(&mut bl, reg::HALFTONE_BASE + 4*2, 0xffff);
    ww(&mut bl, reg::HALFTONE_BASE + 5*2, 0xffff);
    ww(&mut bl, reg::HALFTONE_BASE + 6*2, 0xffff);
    ww(&mut bl, reg::HALFTONE_BASE + 7*2, 0xffff);
    ww(&mut bl, reg::HALFTONE_BASE + 8*2, 0xffff);
    ww(&mut bl, reg::HALFTONE_BASE + 9*2, 0xffff);
    ww(&mut bl, reg::HALFTONE_BASE + 10*2, 0xffff);
    ww(&mut bl, reg::HALFTONE_BASE + 11*2, 0xffff);
    ww(&mut bl, reg::HALFTONE_BASE + 12*2, 0xffff);
    ww(&mut bl, reg::HALFTONE_BASE + 13*2, 0xffff);
    ww(&mut bl, reg::HALFTONE_BASE + 14*2, 0xffff);
    ww(&mut bl, reg::HALFTONE_BASE + 15*2, 0xffff);
    bl.write(reg::HOP, 1);
    bl.write(reg::OP, 0x6);
    bl.write(reg::SKEW, 0x00);
    bl.write(reg::CONTROL, 9);
    ww(&mut bl, reg::SRC_X_INC, (0i16) as u16);
    ww(&mut bl, reg::SRC_Y_INC, (256i16) as u16);
    ww(&mut bl, reg::DST_X_INC, (8i16) as u16);
    ww(&mut bl, reg::DST_Y_INC, (64i16) as u16);
    ww(&mut bl, reg::ENDMASK_1, 0xffff);
    ww(&mut bl, reg::ENDMASK_2, 0xffff);
    ww(&mut bl, reg::ENDMASK_3, 0xff00);
    wl(&mut bl, reg::SRC_ADDR, 0xe2ba45);
    wl(&mut bl, reg::DST_ADDR, 0x0f8fec);
    ww(&mut bl, reg::X_COUNT, 11);
    ww(&mut bl, reg::Y_COUNT, 2);
    run_to_completion(&mut bl, &mut mem);
    ww(&mut bl, reg::HALFTONE_BASE + 0*2, 0xffff);
    ww(&mut bl, reg::HALFTONE_BASE + 1*2, 0xffff);
    ww(&mut bl, reg::HALFTONE_BASE + 2*2, 0xffff);
    ww(&mut bl, reg::HALFTONE_BASE + 3*2, 0xffff);
    ww(&mut bl, reg::HALFTONE_BASE + 4*2, 0xffff);
    ww(&mut bl, reg::HALFTONE_BASE + 5*2, 0xffff);
    ww(&mut bl, reg::HALFTONE_BASE + 6*2, 0xffff);
    ww(&mut bl, reg::HALFTONE_BASE + 7*2, 0xffff);
    ww(&mut bl, reg::HALFTONE_BASE + 8*2, 0xffff);
    ww(&mut bl, reg::HALFTONE_BASE + 9*2, 0xffff);
    ww(&mut bl, reg::HALFTONE_BASE + 10*2, 0xffff);
    ww(&mut bl, reg::HALFTONE_BASE + 11*2, 0xffff);
    ww(&mut bl, reg::HALFTONE_BASE + 12*2, 0xffff);
    ww(&mut bl, reg::HALFTONE_BASE + 13*2, 0xffff);
    ww(&mut bl, reg::HALFTONE_BASE + 14*2, 0xffff);
    ww(&mut bl, reg::HALFTONE_BASE + 15*2, 0xffff);
    bl.write(reg::HOP, 1);
    bl.write(reg::OP, 0x6);
    bl.write(reg::SKEW, 0x00);
    bl.write(reg::CONTROL, 10);
    ww(&mut bl, reg::SRC_X_INC, (0i16) as u16);
    ww(&mut bl, reg::SRC_Y_INC, (256i16) as u16);
    ww(&mut bl, reg::DST_X_INC, (8i16) as u16);
    ww(&mut bl, reg::DST_Y_INC, (64i16) as u16);
    ww(&mut bl, reg::ENDMASK_1, 0xffff);
    ww(&mut bl, reg::ENDMASK_2, 0xffff);
    ww(&mut bl, reg::ENDMASK_3, 0xff00);
    wl(&mut bl, reg::SRC_ADDR, 0xe2ba45);
    wl(&mut bl, reg::DST_ADDR, 0x0f90a4);
    ww(&mut bl, reg::X_COUNT, 8);
    ww(&mut bl, reg::Y_COUNT, 1);
    run_to_completion(&mut bl, &mut mem);
    ww(&mut bl, reg::HALFTONE_BASE + 0*2, 0xffff);
    ww(&mut bl, reg::HALFTONE_BASE + 1*2, 0xffff);
    ww(&mut bl, reg::HALFTONE_BASE + 2*2, 0xffff);
    ww(&mut bl, reg::HALFTONE_BASE + 3*2, 0xffff);
    ww(&mut bl, reg::HALFTONE_BASE + 4*2, 0xffff);
    ww(&mut bl, reg::HALFTONE_BASE + 5*2, 0xffff);
    ww(&mut bl, reg::HALFTONE_BASE + 6*2, 0xffff);
    ww(&mut bl, reg::HALFTONE_BASE + 7*2, 0xffff);
    ww(&mut bl, reg::HALFTONE_BASE + 8*2, 0xffff);
    ww(&mut bl, reg::HALFTONE_BASE + 9*2, 0xffff);
    ww(&mut bl, reg::HALFTONE_BASE + 10*2, 0xffff);
    ww(&mut bl, reg::HALFTONE_BASE + 11*2, 0xffff);
    ww(&mut bl, reg::HALFTONE_BASE + 12*2, 0xffff);
    ww(&mut bl, reg::HALFTONE_BASE + 13*2, 0xffff);
    ww(&mut bl, reg::HALFTONE_BASE + 14*2, 0xffff);
    ww(&mut bl, reg::HALFTONE_BASE + 15*2, 0xffff);
    bl.write(reg::HOP, 1);
    bl.write(reg::OP, 0x6);
    bl.write(reg::SKEW, 0x00);
    bl.write(reg::CONTROL, 9);
    ww(&mut bl, reg::SRC_X_INC, (0i16) as u16);
    ww(&mut bl, reg::SRC_Y_INC, (256i16) as u16);
    ww(&mut bl, reg::DST_X_INC, (8i16) as u16);
    ww(&mut bl, reg::DST_Y_INC, (64i16) as u16);
    ww(&mut bl, reg::ENDMASK_1, 0xffff);
    ww(&mut bl, reg::ENDMASK_2, 0xffff);
    ww(&mut bl, reg::ENDMASK_3, 0xff00);
    wl(&mut bl, reg::SRC_ADDR, 0xe2ba45);
    wl(&mut bl, reg::DST_ADDR, 0x0f8fee);
    ww(&mut bl, reg::X_COUNT, 11);
    ww(&mut bl, reg::Y_COUNT, 2);
    run_to_completion(&mut bl, &mut mem);
    ww(&mut bl, reg::HALFTONE_BASE + 0*2, 0xffff);
    ww(&mut bl, reg::HALFTONE_BASE + 1*2, 0xffff);
    ww(&mut bl, reg::HALFTONE_BASE + 2*2, 0xffff);
    ww(&mut bl, reg::HALFTONE_BASE + 3*2, 0xffff);
    ww(&mut bl, reg::HALFTONE_BASE + 4*2, 0xffff);
    ww(&mut bl, reg::HALFTONE_BASE + 5*2, 0xffff);
    ww(&mut bl, reg::HALFTONE_BASE + 6*2, 0xffff);
    ww(&mut bl, reg::HALFTONE_BASE + 7*2, 0xffff);
    ww(&mut bl, reg::HALFTONE_BASE + 8*2, 0xffff);
    ww(&mut bl, reg::HALFTONE_BASE + 9*2, 0xffff);
    ww(&mut bl, reg::HALFTONE_BASE + 10*2, 0xffff);
    ww(&mut bl, reg::HALFTONE_BASE + 11*2, 0xffff);
    ww(&mut bl, reg::HALFTONE_BASE + 12*2, 0xffff);
    ww(&mut bl, reg::HALFTONE_BASE + 13*2, 0xffff);
    ww(&mut bl, reg::HALFTONE_BASE + 14*2, 0xffff);
    ww(&mut bl, reg::HALFTONE_BASE + 15*2, 0xffff);
    bl.write(reg::HOP, 1);
    bl.write(reg::OP, 0x6);
    bl.write(reg::SKEW, 0x00);
    bl.write(reg::CONTROL, 10);
    ww(&mut bl, reg::SRC_X_INC, (0i16) as u16);
    ww(&mut bl, reg::SRC_Y_INC, (256i16) as u16);
    ww(&mut bl, reg::DST_X_INC, (8i16) as u16);
    ww(&mut bl, reg::DST_Y_INC, (64i16) as u16);
    ww(&mut bl, reg::ENDMASK_1, 0xffff);
    ww(&mut bl, reg::ENDMASK_2, 0xffff);
    ww(&mut bl, reg::ENDMASK_3, 0xff00);
    wl(&mut bl, reg::SRC_ADDR, 0xe2ba45);
    wl(&mut bl, reg::DST_ADDR, 0x0f90a6);
    ww(&mut bl, reg::X_COUNT, 8);
    ww(&mut bl, reg::Y_COUNT, 1);
    run_to_completion(&mut bl, &mut mem);
    ww(&mut bl, reg::HALFTONE_BASE + 0*2, 0xffff);
    ww(&mut bl, reg::HALFTONE_BASE + 1*2, 0xffff);
    ww(&mut bl, reg::HALFTONE_BASE + 2*2, 0xffff);
    ww(&mut bl, reg::HALFTONE_BASE + 3*2, 0xffff);
    ww(&mut bl, reg::HALFTONE_BASE + 4*2, 0xffff);
    ww(&mut bl, reg::HALFTONE_BASE + 5*2, 0xffff);
    ww(&mut bl, reg::HALFTONE_BASE + 6*2, 0xffff);
    ww(&mut bl, reg::HALFTONE_BASE + 7*2, 0xffff);
    ww(&mut bl, reg::HALFTONE_BASE + 8*2, 0xffff);
    ww(&mut bl, reg::HALFTONE_BASE + 9*2, 0xffff);
    ww(&mut bl, reg::HALFTONE_BASE + 10*2, 0xffff);
    ww(&mut bl, reg::HALFTONE_BASE + 11*2, 0xffff);
    ww(&mut bl, reg::HALFTONE_BASE + 12*2, 0xffff);
    ww(&mut bl, reg::HALFTONE_BASE + 13*2, 0xffff);
    ww(&mut bl, reg::HALFTONE_BASE + 14*2, 0xffff);
    ww(&mut bl, reg::HALFTONE_BASE + 15*2, 0xffff);
    bl.write(reg::HOP, 2);
    bl.write(reg::OP, 0x3);
    bl.write(reg::SKEW, 0xc0);
    bl.write(reg::CONTROL, 6);
    ww(&mut bl, reg::SRC_X_INC, (-8i16) as u16);
    ww(&mut bl, reg::SRC_Y_INC, (-8i16) as u16);
    ww(&mut bl, reg::DST_X_INC, (-8i16) as u16);
    ww(&mut bl, reg::DST_Y_INC, (-56i16) as u16);
    ww(&mut bl, reg::ENDMASK_1, 0xffff);
    ww(&mut bl, reg::ENDMASK_2, 0xffff);
    ww(&mut bl, reg::ENDMASK_3, 0xffff);
    wl(&mut bl, reg::SRC_ADDR, 0x00fa4a);
    wl(&mut bl, reg::DST_ADDR, 0x0f90b8);
    ww(&mut bl, reg::X_COUNT, 10);
    ww(&mut bl, reg::Y_COUNT, 16);
    run_to_completion(&mut bl, &mut mem);
    ww(&mut bl, reg::HALFTONE_BASE + 0*2, 0xffff);
    ww(&mut bl, reg::HALFTONE_BASE + 1*2, 0xffff);
    ww(&mut bl, reg::HALFTONE_BASE + 2*2, 0xffff);
    ww(&mut bl, reg::HALFTONE_BASE + 3*2, 0xffff);
    ww(&mut bl, reg::HALFTONE_BASE + 4*2, 0xffff);
    ww(&mut bl, reg::HALFTONE_BASE + 5*2, 0xffff);
    ww(&mut bl, reg::HALFTONE_BASE + 6*2, 0xffff);
    ww(&mut bl, reg::HALFTONE_BASE + 7*2, 0xffff);
    ww(&mut bl, reg::HALFTONE_BASE + 8*2, 0xffff);
    ww(&mut bl, reg::HALFTONE_BASE + 9*2, 0xffff);
    ww(&mut bl, reg::HALFTONE_BASE + 10*2, 0xffff);
    ww(&mut bl, reg::HALFTONE_BASE + 11*2, 0xffff);
    ww(&mut bl, reg::HALFTONE_BASE + 12*2, 0xffff);
    ww(&mut bl, reg::HALFTONE_BASE + 13*2, 0xffff);
    ww(&mut bl, reg::HALFTONE_BASE + 14*2, 0xffff);
    ww(&mut bl, reg::HALFTONE_BASE + 15*2, 0xffff);
    bl.write(reg::HOP, 2);
    bl.write(reg::OP, 0x3);
    bl.write(reg::SKEW, 0xc0);
    bl.write(reg::CONTROL, 5);
    ww(&mut bl, reg::SRC_X_INC, (-8i16) as u16);
    ww(&mut bl, reg::SRC_Y_INC, (-8i16) as u16);
    ww(&mut bl, reg::DST_X_INC, (-8i16) as u16);
    ww(&mut bl, reg::DST_Y_INC, (-56i16) as u16);
    ww(&mut bl, reg::ENDMASK_1, 0xffff);
    ww(&mut bl, reg::ENDMASK_2, 0xffff);
    ww(&mut bl, reg::ENDMASK_3, 0xffff);
    wl(&mut bl, reg::SRC_ADDR, 0x00f9ca);
    wl(&mut bl, reg::DST_ADDR, 0x0f9008);
    ww(&mut bl, reg::X_COUNT, 8);
    ww(&mut bl, reg::Y_COUNT, 15);
    run_to_completion(&mut bl, &mut mem);
    ww(&mut bl, reg::HALFTONE_BASE + 0*2, 0xffff);
    ww(&mut bl, reg::HALFTONE_BASE + 1*2, 0xffff);
    ww(&mut bl, reg::HALFTONE_BASE + 2*2, 0xffff);
    ww(&mut bl, reg::HALFTONE_BASE + 3*2, 0xffff);
    ww(&mut bl, reg::HALFTONE_BASE + 4*2, 0xffff);
    ww(&mut bl, reg::HALFTONE_BASE + 5*2, 0xffff);
    ww(&mut bl, reg::HALFTONE_BASE + 6*2, 0xffff);
    ww(&mut bl, reg::HALFTONE_BASE + 7*2, 0xffff);
    ww(&mut bl, reg::HALFTONE_BASE + 8*2, 0xffff);
    ww(&mut bl, reg::HALFTONE_BASE + 9*2, 0xffff);
    ww(&mut bl, reg::HALFTONE_BASE + 10*2, 0xffff);
    ww(&mut bl, reg::HALFTONE_BASE + 11*2, 0xffff);
    ww(&mut bl, reg::HALFTONE_BASE + 12*2, 0xffff);
    ww(&mut bl, reg::HALFTONE_BASE + 13*2, 0xffff);
    ww(&mut bl, reg::HALFTONE_BASE + 14*2, 0xffff);
    ww(&mut bl, reg::HALFTONE_BASE + 15*2, 0xffff);
    bl.write(reg::HOP, 2);
    bl.write(reg::OP, 0x3);
    bl.write(reg::SKEW, 0xc0);
    bl.write(reg::CONTROL, 4);
    ww(&mut bl, reg::SRC_X_INC, (-8i16) as u16);
    ww(&mut bl, reg::SRC_Y_INC, (-8i16) as u16);
    ww(&mut bl, reg::DST_X_INC, (-8i16) as u16);
    ww(&mut bl, reg::DST_Y_INC, (-56i16) as u16);
    ww(&mut bl, reg::ENDMASK_1, 0xffff);
    ww(&mut bl, reg::ENDMASK_2, 0xffff);
    ww(&mut bl, reg::ENDMASK_3, 0xffff);
    wl(&mut bl, reg::SRC_ADDR, 0x00f94a);
    wl(&mut bl, reg::DST_ADDR, 0x0f8f58);
    ww(&mut bl, reg::X_COUNT, 6);
    ww(&mut bl, reg::Y_COUNT, 14);
    run_to_completion(&mut bl, &mut mem);
    ww(&mut bl, reg::HALFTONE_BASE + 0*2, 0xffff);
    ww(&mut bl, reg::HALFTONE_BASE + 1*2, 0xffff);
    ww(&mut bl, reg::HALFTONE_BASE + 2*2, 0xffff);
    ww(&mut bl, reg::HALFTONE_BASE + 3*2, 0xffff);
    ww(&mut bl, reg::HALFTONE_BASE + 4*2, 0xffff);
    ww(&mut bl, reg::HALFTONE_BASE + 5*2, 0xffff);
    ww(&mut bl, reg::HALFTONE_BASE + 6*2, 0xffff);
    ww(&mut bl, reg::HALFTONE_BASE + 7*2, 0xffff);
    ww(&mut bl, reg::HALFTONE_BASE + 8*2, 0xffff);
    ww(&mut bl, reg::HALFTONE_BASE + 9*2, 0xffff);
    ww(&mut bl, reg::HALFTONE_BASE + 10*2, 0xffff);
    ww(&mut bl, reg::HALFTONE_BASE + 11*2, 0xffff);
    ww(&mut bl, reg::HALFTONE_BASE + 12*2, 0xffff);
    ww(&mut bl, reg::HALFTONE_BASE + 13*2, 0xffff);
    ww(&mut bl, reg::HALFTONE_BASE + 14*2, 0xffff);
    ww(&mut bl, reg::HALFTONE_BASE + 15*2, 0xffff);
    bl.write(reg::HOP, 2);
    bl.write(reg::OP, 0x3);
    bl.write(reg::SKEW, 0xc0);
    bl.write(reg::CONTROL, 6);
    ww(&mut bl, reg::SRC_X_INC, (-8i16) as u16);
    ww(&mut bl, reg::SRC_Y_INC, (-8i16) as u16);
    ww(&mut bl, reg::DST_X_INC, (-8i16) as u16);
    ww(&mut bl, reg::DST_Y_INC, (-56i16) as u16);
    ww(&mut bl, reg::ENDMASK_1, 0xffff);
    ww(&mut bl, reg::ENDMASK_2, 0xffff);
    ww(&mut bl, reg::ENDMASK_3, 0xffff);
    wl(&mut bl, reg::SRC_ADDR, 0x00fa4c);
    wl(&mut bl, reg::DST_ADDR, 0x0f90ba);
    ww(&mut bl, reg::X_COUNT, 10);
    ww(&mut bl, reg::Y_COUNT, 16);
    run_to_completion(&mut bl, &mut mem);
    ww(&mut bl, reg::HALFTONE_BASE + 0*2, 0xffff);
    ww(&mut bl, reg::HALFTONE_BASE + 1*2, 0xffff);
    ww(&mut bl, reg::HALFTONE_BASE + 2*2, 0xffff);
    ww(&mut bl, reg::HALFTONE_BASE + 3*2, 0xffff);
    ww(&mut bl, reg::HALFTONE_BASE + 4*2, 0xffff);
    ww(&mut bl, reg::HALFTONE_BASE + 5*2, 0xffff);
    ww(&mut bl, reg::HALFTONE_BASE + 6*2, 0xffff);
    ww(&mut bl, reg::HALFTONE_BASE + 7*2, 0xffff);
    ww(&mut bl, reg::HALFTONE_BASE + 8*2, 0xffff);
    ww(&mut bl, reg::HALFTONE_BASE + 9*2, 0xffff);
    ww(&mut bl, reg::HALFTONE_BASE + 10*2, 0xffff);
    ww(&mut bl, reg::HALFTONE_BASE + 11*2, 0xffff);
    ww(&mut bl, reg::HALFTONE_BASE + 12*2, 0xffff);
    ww(&mut bl, reg::HALFTONE_BASE + 13*2, 0xffff);
    ww(&mut bl, reg::HALFTONE_BASE + 14*2, 0xffff);
    ww(&mut bl, reg::HALFTONE_BASE + 15*2, 0xffff);
    bl.write(reg::HOP, 2);
    bl.write(reg::OP, 0x3);
    bl.write(reg::SKEW, 0xc0);
    bl.write(reg::CONTROL, 5);
    ww(&mut bl, reg::SRC_X_INC, (-8i16) as u16);
    ww(&mut bl, reg::SRC_Y_INC, (-8i16) as u16);
    ww(&mut bl, reg::DST_X_INC, (-8i16) as u16);
    ww(&mut bl, reg::DST_Y_INC, (-56i16) as u16);
    ww(&mut bl, reg::ENDMASK_1, 0xffff);
    ww(&mut bl, reg::ENDMASK_2, 0xffff);
    ww(&mut bl, reg::ENDMASK_3, 0xffff);
    wl(&mut bl, reg::SRC_ADDR, 0x00f9cc);
    wl(&mut bl, reg::DST_ADDR, 0x0f900a);
    ww(&mut bl, reg::X_COUNT, 8);
    ww(&mut bl, reg::Y_COUNT, 15);
    run_to_completion(&mut bl, &mut mem);
    ww(&mut bl, reg::HALFTONE_BASE + 0*2, 0xffff);
    ww(&mut bl, reg::HALFTONE_BASE + 1*2, 0xffff);
    ww(&mut bl, reg::HALFTONE_BASE + 2*2, 0xffff);
    ww(&mut bl, reg::HALFTONE_BASE + 3*2, 0xffff);
    ww(&mut bl, reg::HALFTONE_BASE + 4*2, 0xffff);
    ww(&mut bl, reg::HALFTONE_BASE + 5*2, 0xffff);
    ww(&mut bl, reg::HALFTONE_BASE + 6*2, 0xffff);
    ww(&mut bl, reg::HALFTONE_BASE + 7*2, 0xffff);
    ww(&mut bl, reg::HALFTONE_BASE + 8*2, 0xffff);
    ww(&mut bl, reg::HALFTONE_BASE + 9*2, 0xffff);
    ww(&mut bl, reg::HALFTONE_BASE + 10*2, 0xffff);
    ww(&mut bl, reg::HALFTONE_BASE + 11*2, 0xffff);
    ww(&mut bl, reg::HALFTONE_BASE + 12*2, 0xffff);
    ww(&mut bl, reg::HALFTONE_BASE + 13*2, 0xffff);
    ww(&mut bl, reg::HALFTONE_BASE + 14*2, 0xffff);
    ww(&mut bl, reg::HALFTONE_BASE + 15*2, 0xffff);
    bl.write(reg::HOP, 2);
    bl.write(reg::OP, 0x3);
    bl.write(reg::SKEW, 0xc0);
    bl.write(reg::CONTROL, 4);
    ww(&mut bl, reg::SRC_X_INC, (-8i16) as u16);
    ww(&mut bl, reg::SRC_Y_INC, (-8i16) as u16);
    ww(&mut bl, reg::DST_X_INC, (-8i16) as u16);
    ww(&mut bl, reg::DST_Y_INC, (-56i16) as u16);
    ww(&mut bl, reg::ENDMASK_1, 0xffff);
    ww(&mut bl, reg::ENDMASK_2, 0xffff);
    ww(&mut bl, reg::ENDMASK_3, 0xffff);
    wl(&mut bl, reg::SRC_ADDR, 0x00f94c);
    wl(&mut bl, reg::DST_ADDR, 0x0f8f5a);
    ww(&mut bl, reg::X_COUNT, 6);
    ww(&mut bl, reg::Y_COUNT, 14);
    run_to_completion(&mut bl, &mut mem);
    ww(&mut bl, reg::HALFTONE_BASE + 0*2, 0xffff);
    ww(&mut bl, reg::HALFTONE_BASE + 1*2, 0xffff);
    ww(&mut bl, reg::HALFTONE_BASE + 2*2, 0xffff);
    ww(&mut bl, reg::HALFTONE_BASE + 3*2, 0xffff);
    ww(&mut bl, reg::HALFTONE_BASE + 4*2, 0xffff);
    ww(&mut bl, reg::HALFTONE_BASE + 5*2, 0xffff);
    ww(&mut bl, reg::HALFTONE_BASE + 6*2, 0xffff);
    ww(&mut bl, reg::HALFTONE_BASE + 7*2, 0xffff);
    ww(&mut bl, reg::HALFTONE_BASE + 8*2, 0xffff);
    ww(&mut bl, reg::HALFTONE_BASE + 9*2, 0xffff);
    ww(&mut bl, reg::HALFTONE_BASE + 10*2, 0xffff);
    ww(&mut bl, reg::HALFTONE_BASE + 11*2, 0xffff);
    ww(&mut bl, reg::HALFTONE_BASE + 12*2, 0xffff);
    ww(&mut bl, reg::HALFTONE_BASE + 13*2, 0xffff);
    ww(&mut bl, reg::HALFTONE_BASE + 14*2, 0xffff);
    ww(&mut bl, reg::HALFTONE_BASE + 15*2, 0xffff);
    bl.write(reg::HOP, 2);
    bl.write(reg::OP, 0x3);
    bl.write(reg::SKEW, 0xc0);
    bl.write(reg::CONTROL, 6);
    ww(&mut bl, reg::SRC_X_INC, (-8i16) as u16);
    ww(&mut bl, reg::SRC_Y_INC, (-8i16) as u16);
    ww(&mut bl, reg::DST_X_INC, (-8i16) as u16);
    ww(&mut bl, reg::DST_Y_INC, (-56i16) as u16);
    ww(&mut bl, reg::ENDMASK_1, 0xffff);
    ww(&mut bl, reg::ENDMASK_2, 0xffff);
    ww(&mut bl, reg::ENDMASK_3, 0xffff);
    wl(&mut bl, reg::SRC_ADDR, 0x00fa4e);
    wl(&mut bl, reg::DST_ADDR, 0x0f90bc);
    ww(&mut bl, reg::X_COUNT, 10);
    ww(&mut bl, reg::Y_COUNT, 16);
    run_to_completion(&mut bl, &mut mem);
    ww(&mut bl, reg::HALFTONE_BASE + 0*2, 0xffff);
    ww(&mut bl, reg::HALFTONE_BASE + 1*2, 0xffff);
    ww(&mut bl, reg::HALFTONE_BASE + 2*2, 0xffff);
    ww(&mut bl, reg::HALFTONE_BASE + 3*2, 0xffff);
    ww(&mut bl, reg::HALFTONE_BASE + 4*2, 0xffff);
    ww(&mut bl, reg::HALFTONE_BASE + 5*2, 0xffff);
    ww(&mut bl, reg::HALFTONE_BASE + 6*2, 0xffff);
    ww(&mut bl, reg::HALFTONE_BASE + 7*2, 0xffff);
    ww(&mut bl, reg::HALFTONE_BASE + 8*2, 0xffff);
    ww(&mut bl, reg::HALFTONE_BASE + 9*2, 0xffff);
    ww(&mut bl, reg::HALFTONE_BASE + 10*2, 0xffff);
    ww(&mut bl, reg::HALFTONE_BASE + 11*2, 0xffff);
    ww(&mut bl, reg::HALFTONE_BASE + 12*2, 0xffff);
    ww(&mut bl, reg::HALFTONE_BASE + 13*2, 0xffff);
    ww(&mut bl, reg::HALFTONE_BASE + 14*2, 0xffff);
    ww(&mut bl, reg::HALFTONE_BASE + 15*2, 0xffff);
    bl.write(reg::HOP, 2);
    bl.write(reg::OP, 0x3);
    bl.write(reg::SKEW, 0xc0);
    bl.write(reg::CONTROL, 5);
    ww(&mut bl, reg::SRC_X_INC, (-8i16) as u16);
    ww(&mut bl, reg::SRC_Y_INC, (-8i16) as u16);
    ww(&mut bl, reg::DST_X_INC, (-8i16) as u16);
    ww(&mut bl, reg::DST_Y_INC, (-56i16) as u16);
    ww(&mut bl, reg::ENDMASK_1, 0xffff);
    ww(&mut bl, reg::ENDMASK_2, 0xffff);
    ww(&mut bl, reg::ENDMASK_3, 0xffff);
    wl(&mut bl, reg::SRC_ADDR, 0x00f9ce);
    wl(&mut bl, reg::DST_ADDR, 0x0f900c);
    ww(&mut bl, reg::X_COUNT, 8);
    ww(&mut bl, reg::Y_COUNT, 15);
    run_to_completion(&mut bl, &mut mem);
    ww(&mut bl, reg::HALFTONE_BASE + 0*2, 0xffff);
    ww(&mut bl, reg::HALFTONE_BASE + 1*2, 0xffff);
    ww(&mut bl, reg::HALFTONE_BASE + 2*2, 0xffff);
    ww(&mut bl, reg::HALFTONE_BASE + 3*2, 0xffff);
    ww(&mut bl, reg::HALFTONE_BASE + 4*2, 0xffff);
    ww(&mut bl, reg::HALFTONE_BASE + 5*2, 0xffff);
    ww(&mut bl, reg::HALFTONE_BASE + 6*2, 0xffff);
    ww(&mut bl, reg::HALFTONE_BASE + 7*2, 0xffff);
    ww(&mut bl, reg::HALFTONE_BASE + 8*2, 0xffff);
    ww(&mut bl, reg::HALFTONE_BASE + 9*2, 0xffff);
    ww(&mut bl, reg::HALFTONE_BASE + 10*2, 0xffff);
    ww(&mut bl, reg::HALFTONE_BASE + 11*2, 0xffff);
    ww(&mut bl, reg::HALFTONE_BASE + 12*2, 0xffff);
    ww(&mut bl, reg::HALFTONE_BASE + 13*2, 0xffff);
    ww(&mut bl, reg::HALFTONE_BASE + 14*2, 0xffff);
    ww(&mut bl, reg::HALFTONE_BASE + 15*2, 0xffff);
    bl.write(reg::HOP, 2);
    bl.write(reg::OP, 0x3);
    bl.write(reg::SKEW, 0xc0);
    bl.write(reg::CONTROL, 4);
    ww(&mut bl, reg::SRC_X_INC, (-8i16) as u16);
    ww(&mut bl, reg::SRC_Y_INC, (-8i16) as u16);
    ww(&mut bl, reg::DST_X_INC, (-8i16) as u16);
    ww(&mut bl, reg::DST_Y_INC, (-56i16) as u16);
    ww(&mut bl, reg::ENDMASK_1, 0xffff);
    ww(&mut bl, reg::ENDMASK_2, 0xffff);
    ww(&mut bl, reg::ENDMASK_3, 0xffff);
    wl(&mut bl, reg::SRC_ADDR, 0x00f94e);
    wl(&mut bl, reg::DST_ADDR, 0x0f8f5c);
    ww(&mut bl, reg::X_COUNT, 6);
    ww(&mut bl, reg::Y_COUNT, 14);
    run_to_completion(&mut bl, &mut mem);
    ww(&mut bl, reg::HALFTONE_BASE + 0*2, 0xffff);
    ww(&mut bl, reg::HALFTONE_BASE + 1*2, 0xffff);
    ww(&mut bl, reg::HALFTONE_BASE + 2*2, 0xffff);
    ww(&mut bl, reg::HALFTONE_BASE + 3*2, 0xffff);
    ww(&mut bl, reg::HALFTONE_BASE + 4*2, 0xffff);
    ww(&mut bl, reg::HALFTONE_BASE + 5*2, 0xffff);
    ww(&mut bl, reg::HALFTONE_BASE + 6*2, 0xffff);
    ww(&mut bl, reg::HALFTONE_BASE + 7*2, 0xffff);
    ww(&mut bl, reg::HALFTONE_BASE + 8*2, 0xffff);
    ww(&mut bl, reg::HALFTONE_BASE + 9*2, 0xffff);
    ww(&mut bl, reg::HALFTONE_BASE + 10*2, 0xffff);
    ww(&mut bl, reg::HALFTONE_BASE + 11*2, 0xffff);
    ww(&mut bl, reg::HALFTONE_BASE + 12*2, 0xffff);
    ww(&mut bl, reg::HALFTONE_BASE + 13*2, 0xffff);
    ww(&mut bl, reg::HALFTONE_BASE + 14*2, 0xffff);
    ww(&mut bl, reg::HALFTONE_BASE + 15*2, 0xffff);
    bl.write(reg::HOP, 2);
    bl.write(reg::OP, 0x3);
    bl.write(reg::SKEW, 0xc0);
    bl.write(reg::CONTROL, 6);
    ww(&mut bl, reg::SRC_X_INC, (-8i16) as u16);
    ww(&mut bl, reg::SRC_Y_INC, (-8i16) as u16);
    ww(&mut bl, reg::DST_X_INC, (-8i16) as u16);
    ww(&mut bl, reg::DST_Y_INC, (-56i16) as u16);
    ww(&mut bl, reg::ENDMASK_1, 0xffff);
    ww(&mut bl, reg::ENDMASK_2, 0xffff);
    ww(&mut bl, reg::ENDMASK_3, 0xffff);
    wl(&mut bl, reg::SRC_ADDR, 0x00fa50);
    wl(&mut bl, reg::DST_ADDR, 0x0f90be);
    ww(&mut bl, reg::X_COUNT, 10);
    ww(&mut bl, reg::Y_COUNT, 16);
    run_to_completion(&mut bl, &mut mem);
    ww(&mut bl, reg::HALFTONE_BASE + 0*2, 0xffff);
    ww(&mut bl, reg::HALFTONE_BASE + 1*2, 0xffff);
    ww(&mut bl, reg::HALFTONE_BASE + 2*2, 0xffff);
    ww(&mut bl, reg::HALFTONE_BASE + 3*2, 0xffff);
    ww(&mut bl, reg::HALFTONE_BASE + 4*2, 0xffff);
    ww(&mut bl, reg::HALFTONE_BASE + 5*2, 0xffff);
    ww(&mut bl, reg::HALFTONE_BASE + 6*2, 0xffff);
    ww(&mut bl, reg::HALFTONE_BASE + 7*2, 0xffff);
    ww(&mut bl, reg::HALFTONE_BASE + 8*2, 0xffff);
    ww(&mut bl, reg::HALFTONE_BASE + 9*2, 0xffff);
    ww(&mut bl, reg::HALFTONE_BASE + 10*2, 0xffff);
    ww(&mut bl, reg::HALFTONE_BASE + 11*2, 0xffff);
    ww(&mut bl, reg::HALFTONE_BASE + 12*2, 0xffff);
    ww(&mut bl, reg::HALFTONE_BASE + 13*2, 0xffff);
    ww(&mut bl, reg::HALFTONE_BASE + 14*2, 0xffff);
    ww(&mut bl, reg::HALFTONE_BASE + 15*2, 0xffff);
    bl.write(reg::HOP, 2);
    bl.write(reg::OP, 0x3);
    bl.write(reg::SKEW, 0xc0);
    bl.write(reg::CONTROL, 5);
    ww(&mut bl, reg::SRC_X_INC, (-8i16) as u16);
    ww(&mut bl, reg::SRC_Y_INC, (-8i16) as u16);
    ww(&mut bl, reg::DST_X_INC, (-8i16) as u16);
    ww(&mut bl, reg::DST_Y_INC, (-56i16) as u16);
    ww(&mut bl, reg::ENDMASK_1, 0xffff);
    ww(&mut bl, reg::ENDMASK_2, 0xffff);
    ww(&mut bl, reg::ENDMASK_3, 0xffff);
    wl(&mut bl, reg::SRC_ADDR, 0x00f9d0);
    wl(&mut bl, reg::DST_ADDR, 0x0f900e);
    ww(&mut bl, reg::X_COUNT, 8);
    ww(&mut bl, reg::Y_COUNT, 15);
    run_to_completion(&mut bl, &mut mem);
    ww(&mut bl, reg::HALFTONE_BASE + 0*2, 0xffff);
    ww(&mut bl, reg::HALFTONE_BASE + 1*2, 0xffff);
    ww(&mut bl, reg::HALFTONE_BASE + 2*2, 0xffff);
    ww(&mut bl, reg::HALFTONE_BASE + 3*2, 0xffff);
    ww(&mut bl, reg::HALFTONE_BASE + 4*2, 0xffff);
    ww(&mut bl, reg::HALFTONE_BASE + 5*2, 0xffff);
    ww(&mut bl, reg::HALFTONE_BASE + 6*2, 0xffff);
    ww(&mut bl, reg::HALFTONE_BASE + 7*2, 0xffff);
    ww(&mut bl, reg::HALFTONE_BASE + 8*2, 0xffff);
    ww(&mut bl, reg::HALFTONE_BASE + 9*2, 0xffff);
    ww(&mut bl, reg::HALFTONE_BASE + 10*2, 0xffff);
    ww(&mut bl, reg::HALFTONE_BASE + 11*2, 0xffff);
    ww(&mut bl, reg::HALFTONE_BASE + 12*2, 0xffff);
    ww(&mut bl, reg::HALFTONE_BASE + 13*2, 0xffff);
    ww(&mut bl, reg::HALFTONE_BASE + 14*2, 0xffff);
    ww(&mut bl, reg::HALFTONE_BASE + 15*2, 0xffff);
    bl.write(reg::HOP, 2);
    bl.write(reg::OP, 0x3);
    bl.write(reg::SKEW, 0xc0);
    bl.write(reg::CONTROL, 4);
    ww(&mut bl, reg::SRC_X_INC, (-8i16) as u16);
    ww(&mut bl, reg::SRC_Y_INC, (-8i16) as u16);
    ww(&mut bl, reg::DST_X_INC, (-8i16) as u16);
    ww(&mut bl, reg::DST_Y_INC, (-56i16) as u16);
    ww(&mut bl, reg::ENDMASK_1, 0xffff);
    ww(&mut bl, reg::ENDMASK_2, 0xffff);
    ww(&mut bl, reg::ENDMASK_3, 0xffff);
    wl(&mut bl, reg::SRC_ADDR, 0x00f950);
    wl(&mut bl, reg::DST_ADDR, 0x0f8f5e);
    ww(&mut bl, reg::X_COUNT, 6);
    ww(&mut bl, reg::Y_COUNT, 14);
    run_to_completion(&mut bl, &mut mem);
    ww(&mut bl, reg::HALFTONE_BASE + 0*2, 0xffff);
    ww(&mut bl, reg::HALFTONE_BASE + 1*2, 0xffff);
    ww(&mut bl, reg::HALFTONE_BASE + 2*2, 0xffff);
    ww(&mut bl, reg::HALFTONE_BASE + 3*2, 0xffff);
    ww(&mut bl, reg::HALFTONE_BASE + 4*2, 0xffff);
    ww(&mut bl, reg::HALFTONE_BASE + 5*2, 0xffff);
    ww(&mut bl, reg::HALFTONE_BASE + 6*2, 0xffff);
    ww(&mut bl, reg::HALFTONE_BASE + 7*2, 0xffff);
    ww(&mut bl, reg::HALFTONE_BASE + 8*2, 0xffff);
    ww(&mut bl, reg::HALFTONE_BASE + 9*2, 0xffff);
    ww(&mut bl, reg::HALFTONE_BASE + 10*2, 0xffff);
    ww(&mut bl, reg::HALFTONE_BASE + 11*2, 0xffff);
    ww(&mut bl, reg::HALFTONE_BASE + 12*2, 0xffff);
    ww(&mut bl, reg::HALFTONE_BASE + 13*2, 0xffff);
    ww(&mut bl, reg::HALFTONE_BASE + 14*2, 0xffff);
    ww(&mut bl, reg::HALFTONE_BASE + 15*2, 0xffff);
    bl.write(reg::HOP, 2);
    bl.write(reg::OP, 0x7);
    bl.write(reg::SKEW, 0x44);
    bl.write(reg::CONTROL, 0);
    ww(&mut bl, reg::SRC_X_INC, (-2i16) as u16);
    ww(&mut bl, reg::SRC_Y_INC, (-2i16) as u16);
    ww(&mut bl, reg::DST_X_INC, (-8i16) as u16);
    ww(&mut bl, reg::DST_Y_INC, (-144i16) as u16);
    ww(&mut bl, reg::ENDMASK_1, 0xf000);
    ww(&mut bl, reg::ENDMASK_2, 0xffff);
    ww(&mut bl, reg::ENDMASK_3, 0x0fff);
    wl(&mut bl, reg::SRC_ADDR, 0x00d72e);
    wl(&mut bl, reg::DST_ADDR, 0x0f9058);
    ww(&mut bl, reg::X_COUNT, 3);
    ww(&mut bl, reg::Y_COUNT, 16);
    run_to_completion(&mut bl, &mut mem);
    ww(&mut bl, reg::HALFTONE_BASE + 0*2, 0xffff);
    ww(&mut bl, reg::HALFTONE_BASE + 1*2, 0xffff);
    ww(&mut bl, reg::HALFTONE_BASE + 2*2, 0xffff);
    ww(&mut bl, reg::HALFTONE_BASE + 3*2, 0xffff);
    ww(&mut bl, reg::HALFTONE_BASE + 4*2, 0xffff);
    ww(&mut bl, reg::HALFTONE_BASE + 5*2, 0xffff);
    ww(&mut bl, reg::HALFTONE_BASE + 6*2, 0xffff);
    ww(&mut bl, reg::HALFTONE_BASE + 7*2, 0xffff);
    ww(&mut bl, reg::HALFTONE_BASE + 8*2, 0xffff);
    ww(&mut bl, reg::HALFTONE_BASE + 9*2, 0xffff);
    ww(&mut bl, reg::HALFTONE_BASE + 10*2, 0xffff);
    ww(&mut bl, reg::HALFTONE_BASE + 11*2, 0xffff);
    ww(&mut bl, reg::HALFTONE_BASE + 12*2, 0xffff);
    ww(&mut bl, reg::HALFTONE_BASE + 13*2, 0xffff);
    ww(&mut bl, reg::HALFTONE_BASE + 14*2, 0xffff);
    ww(&mut bl, reg::HALFTONE_BASE + 15*2, 0xffff);
    bl.write(reg::HOP, 2);
    bl.write(reg::OP, 0x7);
    bl.write(reg::SKEW, 0x44);
    bl.write(reg::CONTROL, 0);
    ww(&mut bl, reg::SRC_X_INC, (-2i16) as u16);
    ww(&mut bl, reg::SRC_Y_INC, (-2i16) as u16);
    ww(&mut bl, reg::DST_X_INC, (-8i16) as u16);
    ww(&mut bl, reg::DST_Y_INC, (-144i16) as u16);
    ww(&mut bl, reg::ENDMASK_1, 0xf000);
    ww(&mut bl, reg::ENDMASK_2, 0xffff);
    ww(&mut bl, reg::ENDMASK_3, 0x0fff);
    wl(&mut bl, reg::SRC_ADDR, 0x00d738);
    wl(&mut bl, reg::DST_ADDR, 0x0f905a);
    ww(&mut bl, reg::X_COUNT, 3);
    ww(&mut bl, reg::Y_COUNT, 16);
    run_to_completion(&mut bl, &mut mem);
    ww(&mut bl, reg::HALFTONE_BASE + 0*2, 0xffff);
    ww(&mut bl, reg::HALFTONE_BASE + 1*2, 0xffff);
    ww(&mut bl, reg::HALFTONE_BASE + 2*2, 0xffff);
    ww(&mut bl, reg::HALFTONE_BASE + 3*2, 0xffff);
    ww(&mut bl, reg::HALFTONE_BASE + 4*2, 0xffff);
    ww(&mut bl, reg::HALFTONE_BASE + 5*2, 0xffff);
    ww(&mut bl, reg::HALFTONE_BASE + 6*2, 0xffff);
    ww(&mut bl, reg::HALFTONE_BASE + 7*2, 0xffff);
    ww(&mut bl, reg::HALFTONE_BASE + 8*2, 0xffff);
    ww(&mut bl, reg::HALFTONE_BASE + 9*2, 0xffff);
    ww(&mut bl, reg::HALFTONE_BASE + 10*2, 0xffff);
    ww(&mut bl, reg::HALFTONE_BASE + 11*2, 0xffff);
    ww(&mut bl, reg::HALFTONE_BASE + 12*2, 0xffff);
    ww(&mut bl, reg::HALFTONE_BASE + 13*2, 0xffff);
    ww(&mut bl, reg::HALFTONE_BASE + 14*2, 0xffff);
    ww(&mut bl, reg::HALFTONE_BASE + 15*2, 0xffff);
    bl.write(reg::HOP, 2);
    bl.write(reg::OP, 0x7);
    bl.write(reg::SKEW, 0x44);
    bl.write(reg::CONTROL, 0);
    ww(&mut bl, reg::SRC_X_INC, (-2i16) as u16);
    ww(&mut bl, reg::SRC_Y_INC, (-2i16) as u16);
    ww(&mut bl, reg::DST_X_INC, (-8i16) as u16);
    ww(&mut bl, reg::DST_Y_INC, (-144i16) as u16);
    ww(&mut bl, reg::ENDMASK_1, 0xf000);
    ww(&mut bl, reg::ENDMASK_2, 0xffff);
    ww(&mut bl, reg::ENDMASK_3, 0x0fff);
    wl(&mut bl, reg::SRC_ADDR, 0x00d738);
    wl(&mut bl, reg::DST_ADDR, 0x0f905c);
    ww(&mut bl, reg::X_COUNT, 3);
    ww(&mut bl, reg::Y_COUNT, 16);
    run_to_completion(&mut bl, &mut mem);
    ww(&mut bl, reg::HALFTONE_BASE + 0*2, 0xffff);
    ww(&mut bl, reg::HALFTONE_BASE + 1*2, 0xffff);
    ww(&mut bl, reg::HALFTONE_BASE + 2*2, 0xffff);
    ww(&mut bl, reg::HALFTONE_BASE + 3*2, 0xffff);
    ww(&mut bl, reg::HALFTONE_BASE + 4*2, 0xffff);
    ww(&mut bl, reg::HALFTONE_BASE + 5*2, 0xffff);
    ww(&mut bl, reg::HALFTONE_BASE + 6*2, 0xffff);
    ww(&mut bl, reg::HALFTONE_BASE + 7*2, 0xffff);
    ww(&mut bl, reg::HALFTONE_BASE + 8*2, 0xffff);
    ww(&mut bl, reg::HALFTONE_BASE + 9*2, 0xffff);
    ww(&mut bl, reg::HALFTONE_BASE + 10*2, 0xffff);
    ww(&mut bl, reg::HALFTONE_BASE + 11*2, 0xffff);
    ww(&mut bl, reg::HALFTONE_BASE + 12*2, 0xffff);
    ww(&mut bl, reg::HALFTONE_BASE + 13*2, 0xffff);
    ww(&mut bl, reg::HALFTONE_BASE + 14*2, 0xffff);
    ww(&mut bl, reg::HALFTONE_BASE + 15*2, 0xffff);
    bl.write(reg::HOP, 2);
    bl.write(reg::OP, 0x7);
    bl.write(reg::SKEW, 0x44);
    bl.write(reg::CONTROL, 0);
    ww(&mut bl, reg::SRC_X_INC, (-2i16) as u16);
    ww(&mut bl, reg::SRC_Y_INC, (-2i16) as u16);
    ww(&mut bl, reg::DST_X_INC, (-8i16) as u16);
    ww(&mut bl, reg::DST_Y_INC, (-144i16) as u16);
    ww(&mut bl, reg::ENDMASK_1, 0xf000);
    ww(&mut bl, reg::ENDMASK_2, 0xffff);
    ww(&mut bl, reg::ENDMASK_3, 0x0fff);
    wl(&mut bl, reg::SRC_ADDR, 0x00d738);
    wl(&mut bl, reg::DST_ADDR, 0x0f905e);
    ww(&mut bl, reg::X_COUNT, 3);
    ww(&mut bl, reg::Y_COUNT, 16);
    run_to_completion(&mut bl, &mut mem);
    ww(&mut bl, reg::HALFTONE_BASE + 0*2, 0xffff);
    ww(&mut bl, reg::HALFTONE_BASE + 1*2, 0xffff);
    ww(&mut bl, reg::HALFTONE_BASE + 2*2, 0xffff);
    ww(&mut bl, reg::HALFTONE_BASE + 3*2, 0xffff);
    ww(&mut bl, reg::HALFTONE_BASE + 4*2, 0xffff);
    ww(&mut bl, reg::HALFTONE_BASE + 5*2, 0xffff);
    ww(&mut bl, reg::HALFTONE_BASE + 6*2, 0xffff);
    ww(&mut bl, reg::HALFTONE_BASE + 7*2, 0xffff);
    ww(&mut bl, reg::HALFTONE_BASE + 8*2, 0xffff);
    ww(&mut bl, reg::HALFTONE_BASE + 9*2, 0xffff);
    ww(&mut bl, reg::HALFTONE_BASE + 10*2, 0xffff);
    ww(&mut bl, reg::HALFTONE_BASE + 11*2, 0xffff);
    ww(&mut bl, reg::HALFTONE_BASE + 12*2, 0xffff);
    ww(&mut bl, reg::HALFTONE_BASE + 13*2, 0xffff);
    ww(&mut bl, reg::HALFTONE_BASE + 14*2, 0xffff);
    ww(&mut bl, reg::HALFTONE_BASE + 15*2, 0xffff);
    bl.write(reg::HOP, 2);
    bl.write(reg::OP, 0x4);
    bl.write(reg::SKEW, 0x44);
    bl.write(reg::CONTROL, 0);
    ww(&mut bl, reg::SRC_X_INC, (-2i16) as u16);
    ww(&mut bl, reg::SRC_Y_INC, (-2i16) as u16);
    ww(&mut bl, reg::DST_X_INC, (-8i16) as u16);
    ww(&mut bl, reg::DST_Y_INC, (-144i16) as u16);
    ww(&mut bl, reg::ENDMASK_1, 0xf000);
    ww(&mut bl, reg::ENDMASK_2, 0xffff);
    ww(&mut bl, reg::ENDMASK_3, 0x0fff);
    wl(&mut bl, reg::SRC_ADDR, 0x00d7ae);
    wl(&mut bl, reg::DST_ADDR, 0x0f9058);
    ww(&mut bl, reg::X_COUNT, 3);
    ww(&mut bl, reg::Y_COUNT, 16);
    run_to_completion(&mut bl, &mut mem);
    ww(&mut bl, reg::HALFTONE_BASE + 0*2, 0xffff);
    ww(&mut bl, reg::HALFTONE_BASE + 1*2, 0xffff);
    ww(&mut bl, reg::HALFTONE_BASE + 2*2, 0xffff);
    ww(&mut bl, reg::HALFTONE_BASE + 3*2, 0xffff);
    ww(&mut bl, reg::HALFTONE_BASE + 4*2, 0xffff);
    ww(&mut bl, reg::HALFTONE_BASE + 5*2, 0xffff);
    ww(&mut bl, reg::HALFTONE_BASE + 6*2, 0xffff);
    ww(&mut bl, reg::HALFTONE_BASE + 7*2, 0xffff);
    ww(&mut bl, reg::HALFTONE_BASE + 8*2, 0xffff);
    ww(&mut bl, reg::HALFTONE_BASE + 9*2, 0xffff);
    ww(&mut bl, reg::HALFTONE_BASE + 10*2, 0xffff);
    ww(&mut bl, reg::HALFTONE_BASE + 11*2, 0xffff);
    ww(&mut bl, reg::HALFTONE_BASE + 12*2, 0xffff);
    ww(&mut bl, reg::HALFTONE_BASE + 13*2, 0xffff);
    ww(&mut bl, reg::HALFTONE_BASE + 14*2, 0xffff);
    ww(&mut bl, reg::HALFTONE_BASE + 15*2, 0xffff);
    bl.write(reg::HOP, 2);
    bl.write(reg::OP, 0x4);
    bl.write(reg::SKEW, 0x44);
    bl.write(reg::CONTROL, 0);
    ww(&mut bl, reg::SRC_X_INC, (-2i16) as u16);
    ww(&mut bl, reg::SRC_Y_INC, (-2i16) as u16);
    ww(&mut bl, reg::DST_X_INC, (-8i16) as u16);
    ww(&mut bl, reg::DST_Y_INC, (-144i16) as u16);
    ww(&mut bl, reg::ENDMASK_1, 0xf000);
    ww(&mut bl, reg::ENDMASK_2, 0xffff);
    ww(&mut bl, reg::ENDMASK_3, 0x0fff);
    wl(&mut bl, reg::SRC_ADDR, 0x00d7b8);
    wl(&mut bl, reg::DST_ADDR, 0x0f905a);
    ww(&mut bl, reg::X_COUNT, 3);
    ww(&mut bl, reg::Y_COUNT, 16);
    run_to_completion(&mut bl, &mut mem);
    ww(&mut bl, reg::HALFTONE_BASE + 0*2, 0xffff);
    ww(&mut bl, reg::HALFTONE_BASE + 1*2, 0xffff);
    ww(&mut bl, reg::HALFTONE_BASE + 2*2, 0xffff);
    ww(&mut bl, reg::HALFTONE_BASE + 3*2, 0xffff);
    ww(&mut bl, reg::HALFTONE_BASE + 4*2, 0xffff);
    ww(&mut bl, reg::HALFTONE_BASE + 5*2, 0xffff);
    ww(&mut bl, reg::HALFTONE_BASE + 6*2, 0xffff);
    ww(&mut bl, reg::HALFTONE_BASE + 7*2, 0xffff);
    ww(&mut bl, reg::HALFTONE_BASE + 8*2, 0xffff);
    ww(&mut bl, reg::HALFTONE_BASE + 9*2, 0xffff);
    ww(&mut bl, reg::HALFTONE_BASE + 10*2, 0xffff);
    ww(&mut bl, reg::HALFTONE_BASE + 11*2, 0xffff);
    ww(&mut bl, reg::HALFTONE_BASE + 12*2, 0xffff);
    ww(&mut bl, reg::HALFTONE_BASE + 13*2, 0xffff);
    ww(&mut bl, reg::HALFTONE_BASE + 14*2, 0xffff);
    ww(&mut bl, reg::HALFTONE_BASE + 15*2, 0xffff);
    bl.write(reg::HOP, 2);
    bl.write(reg::OP, 0x4);
    bl.write(reg::SKEW, 0x44);
    bl.write(reg::CONTROL, 0);
    ww(&mut bl, reg::SRC_X_INC, (-2i16) as u16);
    ww(&mut bl, reg::SRC_Y_INC, (-2i16) as u16);
    ww(&mut bl, reg::DST_X_INC, (-8i16) as u16);
    ww(&mut bl, reg::DST_Y_INC, (-144i16) as u16);
    ww(&mut bl, reg::ENDMASK_1, 0xf000);
    ww(&mut bl, reg::ENDMASK_2, 0xffff);
    ww(&mut bl, reg::ENDMASK_3, 0x0fff);
    wl(&mut bl, reg::SRC_ADDR, 0x00d7b8);
    wl(&mut bl, reg::DST_ADDR, 0x0f905c);
    ww(&mut bl, reg::X_COUNT, 3);
    ww(&mut bl, reg::Y_COUNT, 16);
    run_to_completion(&mut bl, &mut mem);
    ww(&mut bl, reg::HALFTONE_BASE + 0*2, 0xffff);
    ww(&mut bl, reg::HALFTONE_BASE + 1*2, 0xffff);
    ww(&mut bl, reg::HALFTONE_BASE + 2*2, 0xffff);
    ww(&mut bl, reg::HALFTONE_BASE + 3*2, 0xffff);
    ww(&mut bl, reg::HALFTONE_BASE + 4*2, 0xffff);
    ww(&mut bl, reg::HALFTONE_BASE + 5*2, 0xffff);
    ww(&mut bl, reg::HALFTONE_BASE + 6*2, 0xffff);
    ww(&mut bl, reg::HALFTONE_BASE + 7*2, 0xffff);
    ww(&mut bl, reg::HALFTONE_BASE + 8*2, 0xffff);
    ww(&mut bl, reg::HALFTONE_BASE + 9*2, 0xffff);
    ww(&mut bl, reg::HALFTONE_BASE + 10*2, 0xffff);
    ww(&mut bl, reg::HALFTONE_BASE + 11*2, 0xffff);
    ww(&mut bl, reg::HALFTONE_BASE + 12*2, 0xffff);
    ww(&mut bl, reg::HALFTONE_BASE + 13*2, 0xffff);
    ww(&mut bl, reg::HALFTONE_BASE + 14*2, 0xffff);
    ww(&mut bl, reg::HALFTONE_BASE + 15*2, 0xffff);
    bl.write(reg::HOP, 2);
    bl.write(reg::OP, 0x4);
    bl.write(reg::SKEW, 0x44);
    bl.write(reg::CONTROL, 0);
    ww(&mut bl, reg::SRC_X_INC, (-2i16) as u16);
    ww(&mut bl, reg::SRC_Y_INC, (-2i16) as u16);
    ww(&mut bl, reg::DST_X_INC, (-8i16) as u16);
    ww(&mut bl, reg::DST_Y_INC, (-144i16) as u16);
    ww(&mut bl, reg::ENDMASK_1, 0xf000);
    ww(&mut bl, reg::ENDMASK_2, 0xffff);
    ww(&mut bl, reg::ENDMASK_3, 0x0fff);
    wl(&mut bl, reg::SRC_ADDR, 0x00d7b8);
    wl(&mut bl, reg::DST_ADDR, 0x0f905e);
    ww(&mut bl, reg::X_COUNT, 3);
    ww(&mut bl, reg::Y_COUNT, 16);
    run_to_completion(&mut bl, &mut mem);
    ww(&mut bl, reg::HALFTONE_BASE + 0*2, 0xffff);
    ww(&mut bl, reg::HALFTONE_BASE + 1*2, 0xffff);
    ww(&mut bl, reg::HALFTONE_BASE + 2*2, 0xffff);
    ww(&mut bl, reg::HALFTONE_BASE + 3*2, 0xffff);
    ww(&mut bl, reg::HALFTONE_BASE + 4*2, 0xffff);
    ww(&mut bl, reg::HALFTONE_BASE + 5*2, 0xffff);
    ww(&mut bl, reg::HALFTONE_BASE + 6*2, 0xffff);
    ww(&mut bl, reg::HALFTONE_BASE + 7*2, 0xffff);
    ww(&mut bl, reg::HALFTONE_BASE + 8*2, 0xffff);
    ww(&mut bl, reg::HALFTONE_BASE + 9*2, 0xffff);
    ww(&mut bl, reg::HALFTONE_BASE + 10*2, 0xffff);
    ww(&mut bl, reg::HALFTONE_BASE + 11*2, 0xffff);
    ww(&mut bl, reg::HALFTONE_BASE + 12*2, 0xffff);
    ww(&mut bl, reg::HALFTONE_BASE + 13*2, 0xffff);
    ww(&mut bl, reg::HALFTONE_BASE + 14*2, 0xffff);
    ww(&mut bl, reg::HALFTONE_BASE + 15*2, 0xffff);
    bl.write(reg::HOP, 2);
    bl.write(reg::OP, 0x4);
    bl.write(reg::SKEW, 0x03);
    bl.write(reg::CONTROL, 10);
    ww(&mut bl, reg::SRC_X_INC, (2i16) as u16);
    ww(&mut bl, reg::SRC_Y_INC, (-192i16) as u16);
    ww(&mut bl, reg::DST_X_INC, (8i16) as u16);
    ww(&mut bl, reg::DST_Y_INC, (-160i16) as u16);
    ww(&mut bl, reg::ENDMASK_1, 0x007e);
    ww(&mut bl, reg::ENDMASK_2, 0xffff);
    ww(&mut bl, reg::ENDMASK_3, 0x0000);
    wl(&mut bl, reg::SRC_ADDR, 0xe2aa74);
    wl(&mut bl, reg::DST_ADDR, 0x0f8f08);
    ww(&mut bl, reg::X_COUNT, 1);
    ww(&mut bl, reg::Y_COUNT, 0);
    run_to_completion(&mut bl, &mut mem);
    ww(&mut bl, reg::HALFTONE_BASE + 0*2, 0xffff);
    ww(&mut bl, reg::HALFTONE_BASE + 1*2, 0xffff);
    ww(&mut bl, reg::HALFTONE_BASE + 2*2, 0xffff);
    ww(&mut bl, reg::HALFTONE_BASE + 3*2, 0xffff);
    ww(&mut bl, reg::HALFTONE_BASE + 4*2, 0xffff);
    ww(&mut bl, reg::HALFTONE_BASE + 5*2, 0xffff);
    ww(&mut bl, reg::HALFTONE_BASE + 6*2, 0xffff);
    ww(&mut bl, reg::HALFTONE_BASE + 7*2, 0xffff);
    ww(&mut bl, reg::HALFTONE_BASE + 8*2, 0xffff);
    ww(&mut bl, reg::HALFTONE_BASE + 9*2, 0xffff);
    ww(&mut bl, reg::HALFTONE_BASE + 10*2, 0xffff);
    ww(&mut bl, reg::HALFTONE_BASE + 11*2, 0xffff);
    ww(&mut bl, reg::HALFTONE_BASE + 12*2, 0xffff);
    ww(&mut bl, reg::HALFTONE_BASE + 13*2, 0xffff);
    ww(&mut bl, reg::HALFTONE_BASE + 14*2, 0xffff);
    ww(&mut bl, reg::HALFTONE_BASE + 15*2, 0xffff);
    bl.write(reg::HOP, 2);
    bl.write(reg::OP, 0x4);
    bl.write(reg::SKEW, 0x03);
    bl.write(reg::CONTROL, 10);
    ww(&mut bl, reg::SRC_X_INC, (2i16) as u16);
    ww(&mut bl, reg::SRC_Y_INC, (-192i16) as u16);
    ww(&mut bl, reg::DST_X_INC, (8i16) as u16);
    ww(&mut bl, reg::DST_Y_INC, (-160i16) as u16);
    ww(&mut bl, reg::ENDMASK_1, 0x007e);
    ww(&mut bl, reg::ENDMASK_2, 0xffff);
    ww(&mut bl, reg::ENDMASK_3, 0x0000);
    wl(&mut bl, reg::SRC_ADDR, 0xe2aa74);
    wl(&mut bl, reg::DST_ADDR, 0x0f8f0a);
    ww(&mut bl, reg::X_COUNT, 1);
    ww(&mut bl, reg::Y_COUNT, 0);
    run_to_completion(&mut bl, &mut mem);
    ww(&mut bl, reg::HALFTONE_BASE + 0*2, 0xffff);
    ww(&mut bl, reg::HALFTONE_BASE + 1*2, 0xffff);
    ww(&mut bl, reg::HALFTONE_BASE + 2*2, 0xffff);
    ww(&mut bl, reg::HALFTONE_BASE + 3*2, 0xffff);
    ww(&mut bl, reg::HALFTONE_BASE + 4*2, 0xffff);
    ww(&mut bl, reg::HALFTONE_BASE + 5*2, 0xffff);
    ww(&mut bl, reg::HALFTONE_BASE + 6*2, 0xffff);
    ww(&mut bl, reg::HALFTONE_BASE + 7*2, 0xffff);
    ww(&mut bl, reg::HALFTONE_BASE + 8*2, 0xffff);
    ww(&mut bl, reg::HALFTONE_BASE + 9*2, 0xffff);
    ww(&mut bl, reg::HALFTONE_BASE + 10*2, 0xffff);
    ww(&mut bl, reg::HALFTONE_BASE + 11*2, 0xffff);
    ww(&mut bl, reg::HALFTONE_BASE + 12*2, 0xffff);
    ww(&mut bl, reg::HALFTONE_BASE + 13*2, 0xffff);
    ww(&mut bl, reg::HALFTONE_BASE + 14*2, 0xffff);
    ww(&mut bl, reg::HALFTONE_BASE + 15*2, 0xffff);
    bl.write(reg::HOP, 2);
    bl.write(reg::OP, 0x4);
    bl.write(reg::SKEW, 0x03);
    bl.write(reg::CONTROL, 10);
    ww(&mut bl, reg::SRC_X_INC, (2i16) as u16);
    ww(&mut bl, reg::SRC_Y_INC, (-192i16) as u16);
    ww(&mut bl, reg::DST_X_INC, (8i16) as u16);
    ww(&mut bl, reg::DST_Y_INC, (-160i16) as u16);
    ww(&mut bl, reg::ENDMASK_1, 0x007e);
    ww(&mut bl, reg::ENDMASK_2, 0xffff);
    ww(&mut bl, reg::ENDMASK_3, 0x0000);
    wl(&mut bl, reg::SRC_ADDR, 0xe2aa74);
    wl(&mut bl, reg::DST_ADDR, 0x0f8f0c);
    ww(&mut bl, reg::X_COUNT, 1);
    ww(&mut bl, reg::Y_COUNT, 0);
    run_to_completion(&mut bl, &mut mem);
    ww(&mut bl, reg::HALFTONE_BASE + 0*2, 0xffff);
    ww(&mut bl, reg::HALFTONE_BASE + 1*2, 0xffff);
    ww(&mut bl, reg::HALFTONE_BASE + 2*2, 0xffff);
    ww(&mut bl, reg::HALFTONE_BASE + 3*2, 0xffff);
    ww(&mut bl, reg::HALFTONE_BASE + 4*2, 0xffff);
    ww(&mut bl, reg::HALFTONE_BASE + 5*2, 0xffff);
    ww(&mut bl, reg::HALFTONE_BASE + 6*2, 0xffff);
    ww(&mut bl, reg::HALFTONE_BASE + 7*2, 0xffff);
    ww(&mut bl, reg::HALFTONE_BASE + 8*2, 0xffff);
    ww(&mut bl, reg::HALFTONE_BASE + 9*2, 0xffff);
    ww(&mut bl, reg::HALFTONE_BASE + 10*2, 0xffff);
    ww(&mut bl, reg::HALFTONE_BASE + 11*2, 0xffff);
    ww(&mut bl, reg::HALFTONE_BASE + 12*2, 0xffff);
    ww(&mut bl, reg::HALFTONE_BASE + 13*2, 0xffff);
    ww(&mut bl, reg::HALFTONE_BASE + 14*2, 0xffff);
    ww(&mut bl, reg::HALFTONE_BASE + 15*2, 0xffff);
    bl.write(reg::HOP, 2);
    bl.write(reg::OP, 0x4);
    bl.write(reg::SKEW, 0x03);
    bl.write(reg::CONTROL, 10);
    ww(&mut bl, reg::SRC_X_INC, (2i16) as u16);
    ww(&mut bl, reg::SRC_Y_INC, (-192i16) as u16);
    ww(&mut bl, reg::DST_X_INC, (8i16) as u16);
    ww(&mut bl, reg::DST_Y_INC, (-160i16) as u16);
    ww(&mut bl, reg::ENDMASK_1, 0x007e);
    ww(&mut bl, reg::ENDMASK_2, 0xffff);
    ww(&mut bl, reg::ENDMASK_3, 0x0000);
    wl(&mut bl, reg::SRC_ADDR, 0xe2aa74);
    wl(&mut bl, reg::DST_ADDR, 0x0f8f0e);
    ww(&mut bl, reg::X_COUNT, 1);
    ww(&mut bl, reg::Y_COUNT, 0);
    run_to_completion(&mut bl, &mut mem);

    let mut diffs = 0;
    let mut total = 0;
    for a in 0xf8f00u32..=0xf90cfu32 {
        let attendu: Option<u8> = match a {
            0xf8f02 => Some(0xff),
            0xf8f03 => Some(0xff),
            0xf8f08 => Some(0x0f),
            0xf8f09 => Some(0x8b),
            0xf8f0a => Some(0xf7),
            0xf8f0b => Some(0xff),
            0xf8f0c => Some(0x07),
            0xf8f0d => Some(0xff),
            0xf8f0e => Some(0x07),
            0xf8f0f => Some(0xff),
            0xf8f10 => Some(0x21),
            0xf8f11 => Some(0xff),
            0xf8f12 => Some(0xff),
            0xf8f13 => Some(0xd9),
            0xf8f14 => Some(0xff),
            0xf8f15 => Some(0xd9),
            0xf8f16 => Some(0xff),
            0xf8f17 => Some(0xd9),
            0xf8f18 => Some(0xf0),
            0xf8f1a => Some(0xcf),
            0xf8f1b => Some(0xff),
            0xf8f1c => Some(0xc0),
            0xf8f1e => Some(0xc0),
            0xf8f22 => Some(0xff),
            0xf8f23 => Some(0xff),
            0xf8f2a => Some(0xff),
            0xf8f2b => Some(0xff),
            0xf8f32 => Some(0xff),
            0xf8f33 => Some(0xff),
            0xf8f3a => Some(0xff),
            0xf8f3b => Some(0xff),
            0xf8f42 => Some(0xff),
            0xf8f43 => Some(0xff),
            0xf8f4a => Some(0xff),
            0xf8f4b => Some(0xff),
            0xf8f52 => Some(0xff),
            0xf8f53 => Some(0xff),
            0xf8f5a => Some(0xff),
            0xf8f5b => Some(0xff),
            0xf8f62 => Some(0xff),
            0xf8f63 => Some(0xff),
            0xf8f6a => Some(0xff),
            0xf8f6b => Some(0xff),
            0xf8f72 => Some(0xff),
            0xf8f73 => Some(0xff),
            0xf8f7a => Some(0xff),
            0xf8f7b => Some(0xff),
            0xf8f82 => Some(0xff),
            0xf8f83 => Some(0xff),
            0xf8f8a => Some(0xff),
            0xf8f8b => Some(0xff),
            0xf8f92 => Some(0xff),
            0xf8f93 => Some(0xff),
            0xf8f9a => Some(0xff),
            0xf8f9b => Some(0xff),
            0xf8fa2 => Some(0xff),
            0xf8fa3 => Some(0xff),
            0xf8fa8 => Some(0x0f),
            0xf8fa9 => Some(0x80),
            0xf8faa => Some(0xf7),
            0xf8fab => Some(0x81),
            0xf8fac => Some(0x07),
            0xf8fad => Some(0x81),
            0xf8fae => Some(0x07),
            0xf8faf => Some(0x81),
            0xf8fb0 => Some(0x60),
            0xf8fb1 => Some(0x00),
            0xf8fb2 => Some(0xff),
            0xf8fb3 => Some(0xd3),
            0xf8fb4 => Some(0xff),
            0xf8fb5 => Some(0xd3),
            0xf8fb6 => Some(0xff),
            0xf8fb7 => Some(0xd3),
            0xf8fb8 => Some(0x00),
            0xf8fba => Some(0xaf),
            0xf8fbb => Some(0xff),
            0xf8fbc => Some(0xa0),
            0xf8fbe => Some(0xa0),
            0xf8fc2 => Some(0xff),
            0xf8fc3 => Some(0xff),
            0xf8fca => Some(0xff),
            0xf8fcb => Some(0xff),
            0xf8fd2 => Some(0xff),
            0xf8fd3 => Some(0xff),
            0xf8fda => Some(0xff),
            0xf8fdb => Some(0xff),
            0xf8fe2 => Some(0xff),
            0xf8fe3 => Some(0xff),
            0xf8fea => Some(0xff),
            0xf8feb => Some(0xff),
            0xf8ff2 => Some(0xff),
            0xf8ff3 => Some(0xff),
            0xf8ffa => Some(0xff),
            0xf8ffb => Some(0xff),
            0xf9002 => Some(0xff),
            0xf9003 => Some(0xff),
            0xf900a => Some(0xff),
            0xf900b => Some(0xff),
            0xf9012 => Some(0xff),
            0xf9013 => Some(0xff),
            0xf901a => Some(0xff),
            0xf901b => Some(0xff),
            0xf9022 => Some(0xff),
            0xf9023 => Some(0xff),
            0xf902a => Some(0xff),
            0xf902b => Some(0xff),
            0xf9032 => Some(0xff),
            0xf9033 => Some(0xff),
            0xf903a => Some(0xff),
            0xf903b => Some(0xff),
            0xf9042 => Some(0xff),
            0xf9043 => Some(0xff),
            0xf9048 => Some(0x00),
            0xf9049 => Some(0x00),
            0xf904a => Some(0xf7),
            0xf904b => Some(0x81),
            0xf904c => Some(0x07),
            0xf904d => Some(0x81),
            0xf904e => Some(0x07),
            0xf904f => Some(0x81),
            0xf9050 => Some(0xe7),
            0xf9051 => Some(0xff),
            0xf9052 => Some(0xff),
            0xf9053 => Some(0xc7),
            0xf9054 => Some(0xff),
            0xf9055 => Some(0xc7),
            0xf9056 => Some(0xff),
            0xf9057 => Some(0xc7),
            0xf9058 => Some(0xf0),
            0xf905a => Some(0x6f),
            0xf905b => Some(0xff),
            0xf905c => Some(0x60),
            0xf905e => Some(0x60),
            0xf9062 => Some(0xff),
            0xf9063 => Some(0xff),
            0xf906a => Some(0xff),
            0xf906b => Some(0xff),
            0xf9072 => Some(0xff),
            0xf9073 => Some(0xff),
            0xf907a => Some(0xff),
            0xf907b => Some(0xff),
            0xf9082 => Some(0xff),
            0xf9083 => Some(0xff),
            0xf908a => Some(0xff),
            0xf908b => Some(0xff),
            0xf9092 => Some(0xff),
            0xf9093 => Some(0xff),
            0xf909a => Some(0xff),
            0xf909b => Some(0xff),
            0xf90a2 => Some(0xff),
            0xf90a3 => Some(0xff),
            0xf90aa => Some(0xff),
            0xf90ab => Some(0xff),
            0xf90b2 => Some(0xff),
            0xf90b3 => Some(0xff),
            0xf90ba => Some(0xff),
            0xf90bb => Some(0xff),
            0xf90c2 => Some(0xff),
            0xf90c3 => Some(0xff),
            0xf90ca => Some(0xff),
            0xf90cb => Some(0xff),
            _ => None,
        };
        if let Some(exp) = attendu {
            total += 1;
            let got = mem.read8(a);
            if got != exp {
                diffs += 1;
                println!("DIVERGENCE addr={:#08x} rejoue={:#04x} reel_direct={:#04x}", a, got, exp);
            }
        }
    }
    println!("Total: {} / {}", diffs, total);
}